Layer,x,y
1, 448, 168
1, 447, 169
1, 446, 169
1, 445, 169
1, 444, 170
1, 443, 170
1, 442, 171
1, 441, 171
1, 440, 171
1, 439, 172
1, 438, 172
1, 437, 172
1, 436, 173
1, 435, 173
1, 434, 173
1, 433, 174
1, 432, 174
1, 431, 175
1, 430, 175
1, 429, 176
1, 428, 176
1, 427, 177
1, 426, 177
1, 425, 178
1, 424, 178
1, 423, 178
1, 422, 179
1, 421, 179
1, 420, 180
1, 419, 180
1, 418, 181
1, 417, 181
1, 416, 181
1, 415, 182
1, 414, 183
1, 413, 184
1, 412, 185
1, 411, 186
1, 411, 187
1, 410, 188
1, 409, 188
1, 408, 189
1, 407, 189
1, 406, 190
1, 405, 189
1, 404, 189
1, 403, 190
1, 402, 190
1, 401, 191
1, 400, 191
1, 399, 192
1, 398, 193
1, 397, 194
1, 396, 194
1, 395, 195
1, 394, 196
1, 393, 196
1, 392, 197
1, 391, 198
1, 390, 199
1, 389, 200
1, 388, 200
1, 387, 201
1, 386, 202
1, 385, 203
1, 384, 204
1, 383, 205
1, 382, 206
1, 381, 207
1, 380, 208
1, 379, 209
1, 378, 210
1, 377, 210
1, 376, 211
1, 375, 212
1, 374, 213
1, 373, 214
1, 372, 215
1, 371, 216
1, 370, 217
1, 369, 218
1, 368, 219
1, 367, 220
1, 366, 221
1, 365, 222
1, 364, 223
1, 363, 224
1, 362, 225
1, 362, 226
1, 362, 227
1, 361, 228
1, 360, 229
1, 359, 229
1, 358, 229
1, 358, 230
1, 357, 231
1, 356, 232
1, 355, 233
1, 354, 234
1, 354, 235
1, 353, 236
1, 352, 237
1, 351, 238
1, 351, 239
1, 350, 240
1, 349, 241
1, 348, 242
1, 348, 243
1, 347, 244
1, 347, 245
1, 346, 246
1, 346, 247
1, 345, 248
1, 345, 249
1, 345, 250
1, 345, 251
1, 346, 250
1, 347, 250
1, 348, 249
1, 349, 249
1, 350, 249
1, 351, 249
1, 352, 249
1, 353, 248
1, 354, 248
1, 355, 248
1, 356, 247
1, 357, 246
1, 358, 246
1, 359, 246
1, 360, 245
1, 361, 245
1, 361, 244
1, 361, 243
1, 361, 242
1, 361, 241
1, 361, 240
1, 361, 239
1, 361, 238
1, 361, 237
1, 361, 236
1, 361, 235
1, 361, 234
1, 361, 233
1, 361, 232
1, 361, 231
1, 361, 230
1, 360, 229
1, 361, 228
1, 362, 228
1, 363, 229
1, 363, 230
1, 363, 231
1, 363, 232
1, 363, 233
1, 363, 234
1, 363, 235
1, 363, 236
1, 363, 237
1, 363, 238
1, 363, 239
1, 363, 240
1, 363, 241
1, 363, 242
1, 363, 243
1, 364, 243
1, 365, 243
1, 366, 243
1, 367, 242
1, 368, 241
1, 369, 241
1, 370, 241
1, 371, 240
1, 372, 240
1, 373, 239
1, 374, 239
1, 375, 238
1, 376, 238
1, 377, 238
1, 378, 237
1, 379, 237
1, 380, 236
1, 381, 236
1, 382, 235
1, 383, 234
1, 384, 234
1, 385, 234
1, 386, 233
1, 387, 233
1, 388, 232
1, 389, 232
1, 390, 231
1, 391, 231
1, 392, 231
1, 393, 230
1, 394, 230
1, 395, 229
1, 396, 229
1, 397, 229
1, 398, 228
1, 399, 228
1, 400, 227
1, 401, 227
1, 402, 227
1, 403, 226
1, 404, 226
1, 405, 225
1, 406, 225
1, 407, 224
1, 408, 224
1, 409, 224
1, 410, 223
1, 411, 223
1, 412, 222
1, 413, 222
1, 414, 222
1, 415, 221
1, 416, 221
1, 417, 220
1, 418, 220
1, 419, 219
1, 420, 219
1, 421, 218
1, 422, 218
1, 423, 217
1, 424, 217
1, 425, 217
1, 426, 216
1, 427, 216
1, 428, 215
1, 429, 215
1, 430, 214
1, 431, 214
1, 432, 213
1, 433, 213
1, 434, 212
1, 435, 212
1, 436, 211
1, 437, 211
1, 438, 210
1, 439, 210
1, 440, 210
1, 441, 209
1, 442, 208
1, 443, 208
1, 444, 207
1, 444, 206
1, 445, 205
1, 446, 204
1, 447, 203
1, 447, 202
1, 448, 201
1, 448, 200
1, 449, 199
1, 449, 198
1, 450, 197
1, 451, 196
1, 451, 195
1, 452, 194
1, 453, 193
1, 453, 192
1, 454, 191
1, 454, 190
1, 455, 189
1, 455, 188
1, 455, 187
1, 456, 186
1, 456, 185
1, 456, 184
1, 457, 183
1, 457, 182
1, 457, 181
1, 458, 180
1, 458, 179
1, 458, 178
1, 458, 177
1, 459, 176
1, 459, 175
1, 458, 174
1, 458, 173
1, 458, 172
1, 457, 171
1, 457, 170
1, 456, 169
1, 456, 168
1, 455, 168
1, 454, 168
1, 453, 168
1, 452, 168
1, 451, 168
1, 450, 168
1, 449, 168
2, 448, 169
2, 449, 168
2, 450, 168
2, 451, 168
2, 452, 168
2, 453, 168
2, 454, 168
2, 455, 168
2, 456, 169
2, 456, 170
2, 457, 171
2, 457, 172
2, 458, 173
2, 458, 174
2, 459, 175
2, 459, 176
2, 458, 177
2, 458, 178
2, 458, 179
2, 458, 180
2, 457, 181
2, 457, 182
2, 457, 183
2, 456, 184
2, 456, 185
2, 456, 186
2, 455, 187
2, 455, 188
2, 454, 189
2, 454, 190
2, 453, 191
2, 453, 192
2, 452, 193
2, 451, 194
2, 451, 195
2, 450, 196
2, 449, 197
2, 449, 198
2, 448, 199
2, 448, 200
2, 447, 201
2, 447, 202
2, 446, 203
2, 445, 204
2, 444, 205
2, 444, 206
2, 443, 207
2, 442, 208
2, 441, 208
2, 440, 209
2, 439, 210
2, 438, 210
2, 437, 210
2, 436, 211
2, 435, 211
2, 434, 212
2, 433, 212
2, 432, 213
2, 431, 213
2, 430, 214
2, 429, 215
2, 428, 215
2, 427, 215
2, 426, 216
2, 425, 217
2, 424, 217
2, 423, 217
2, 422, 217
2, 421, 218
2, 420, 219
2, 419, 219
2, 418, 219
2, 417, 220
2, 416, 220
2, 415, 221
2, 414, 222
2, 413, 222
2, 412, 222
2, 411, 222
2, 410, 223
2, 409, 224
2, 408, 224
2, 407, 224
2, 406, 224
2, 405, 225
2, 404, 226
2, 403, 226
2, 402, 226
2, 401, 227
2, 400, 227
2, 399, 228
2, 398, 228
2, 397, 228
2, 396, 229
2, 395, 229
2, 394, 230
2, 393, 230
2, 392, 230
2, 391, 231
2, 390, 231
2, 389, 232
2, 388, 232
2, 387, 232
2, 386, 233
2, 385, 233
2, 384, 234
2, 383, 234
2, 382, 235
2, 381, 235
2, 380, 236
2, 379, 236
2, 378, 237
2, 377, 237
2, 376, 238
2, 375, 238
2, 374, 238
2, 373, 239
2, 372, 239
2, 371, 240
2, 370, 240
2, 369, 241
2, 368, 241
2, 367, 242
2, 366, 242
2, 365, 243
2, 364, 243
2, 363, 242
2, 363, 241
2, 363, 240
2, 363, 239
2, 363, 238
2, 363, 237
2, 363, 236
2, 363, 235
2, 363, 234
2, 363, 233
2, 363, 232
2, 363, 231
2, 363, 230
2, 363, 229
2, 363, 228
2, 362, 227
2, 362, 226
2, 363, 225
2, 364, 224
2, 365, 223
2, 366, 222
2, 367, 221
2, 368, 220
2, 369, 219
2, 370, 218
2, 371, 217
2, 372, 216
2, 373, 215
2, 374, 214
2, 375, 213
2, 376, 212
2, 377, 211
2, 378, 210
2, 379, 210
2, 380, 209
2, 381, 208
2, 382, 207
2, 383, 206
2, 384, 205
2, 385, 204
2, 386, 203
2, 387, 202
2, 388, 201
2, 389, 200
2, 390, 200
2, 391, 199
2, 392, 198
2, 393, 197
2, 394, 196
2, 395, 196
2, 396, 195
2, 397, 194
2, 398, 194
2, 399, 193
2, 400, 192
2, 401, 191
2, 402, 190
2, 403, 190
2, 404, 190
2, 405, 190
2, 406, 190
2, 407, 189
2, 408, 189
2, 409, 188
2, 410, 188
2, 411, 187
2, 412, 186
2, 413, 185
2, 414, 184
2, 415, 183
2, 416, 182
2, 417, 181
2, 418, 181
2, 419, 181
2, 420, 180
2, 421, 180
2, 422, 179
2, 423, 179
2, 424, 178
2, 425, 178
2, 426, 177
2, 427, 177
2, 428, 177
2, 429, 176
2, 430, 176
2, 431, 175
2, 432, 174
2, 433, 174
2, 434, 173
2, 435, 173
2, 436, 173
2, 437, 172
2, 438, 172
2, 439, 172
2, 440, 171
2, 441, 171
2, 442, 171
2, 443, 170
2, 444, 170
2, 445, 170
2, 446, 169
2, 447, 169
3, 250, 37
3, 249, 38
3, 248, 38
3, 248, 39
3, 248, 40
3, 248, 41
3, 248, 42
3, 248, 43
3, 248, 44
3, 248, 45
3, 248, 46
3, 248, 47
3, 248, 48
3, 248, 49
3, 248, 50
3, 248, 51
3, 248, 52
3, 248, 53
3, 248, 54
3, 248, 55
3, 248, 56
3, 248, 57
3, 248, 58
3, 248, 59
3, 248, 60
3, 248, 61
3, 248, 62
3, 248, 63
3, 248, 64
3, 248, 65
3, 248, 66
3, 248, 67
3, 248, 68
3, 248, 69
3, 248, 70
3, 248, 71
3, 248, 72
3, 248, 73
3, 248, 74
3, 248, 75
3, 248, 76
3, 248, 77
3, 248, 78
3, 248, 79
3, 248, 80
3, 248, 81
3, 248, 82
3, 248, 83
3, 248, 84
3, 248, 85
3, 248, 86
3, 248, 87
3, 248, 88
3, 248, 89
3, 248, 90
3, 248, 91
3, 248, 92
3, 248, 93
3, 248, 94
3, 248, 95
3, 248, 96
3, 248, 97
3, 248, 98
3, 248, 99
3, 248, 100
3, 248, 101
3, 248, 102
3, 248, 103
3, 248, 104
3, 248, 105
3, 248, 106
3, 248, 107
3, 248, 108
3, 248, 109
3, 248, 110
3, 248, 111
3, 248, 112
3, 248, 113
3, 248, 114
3, 248, 115
3, 248, 116
3, 248, 117
3, 248, 118
3, 248, 119
3, 248, 120
3, 248, 121
3, 248, 122
3, 248, 123
3, 248, 124
3, 248, 125
3, 248, 126
3, 248, 127
3, 248, 128
3, 248, 129
3, 248, 130
3, 248, 131
3, 248, 132
3, 248, 133
3, 248, 134
3, 248, 135
3, 248, 136
3, 248, 137
3, 248, 138
3, 248, 139
3, 248, 140
3, 248, 141
3, 248, 142
3, 248, 143
3, 248, 144
3, 248, 145
3, 248, 146
3, 248, 147
3, 248, 148
3, 248, 149
3, 248, 150
3, 248, 151
3, 248, 152
3, 248, 153
3, 248, 154
3, 248, 155
3, 248, 156
3, 248, 157
3, 248, 158
3, 248, 159
3, 248, 160
3, 248, 161
3, 248, 162
3, 248, 163
3, 248, 164
3, 248, 165
3, 248, 166
3, 248, 167
3, 248, 168
3, 248, 169
3, 248, 170
3, 248, 171
3, 248, 172
3, 248, 173
3, 248, 174
3, 248, 175
3, 248, 176
3, 248, 177
3, 248, 178
3, 248, 179
3, 248, 180
3, 248, 181
3, 248, 182
3, 248, 183
3, 248, 184
3, 248, 185
3, 248, 186
3, 248, 187
3, 248, 188
3, 248, 189
3, 248, 190
3, 248, 191
3, 248, 192
3, 248, 193
3, 248, 194
3, 248, 195
3, 248, 196
3, 248, 197
3, 248, 198
3, 248, 199
3, 248, 200
3, 248, 201
3, 248, 202
3, 248, 203
3, 248, 204
3, 248, 205
3, 248, 206
3, 248, 207
3, 248, 208
3, 248, 209
3, 248, 210
3, 248, 211
3, 248, 212
3, 248, 213
3, 248, 214
3, 248, 215
3, 248, 216
3, 248, 217
3, 248, 218
3, 248, 219
3, 248, 220
3, 248, 221
3, 248, 222
3, 248, 223
3, 248, 224
3, 248, 225
3, 248, 226
3, 248, 227
3, 248, 228
3, 248, 229
3, 248, 230
3, 248, 231
3, 248, 232
3, 248, 233
3, 248, 234
3, 248, 235
3, 248, 236
3, 248, 237
3, 248, 238
3, 248, 239
3, 248, 240
3, 248, 241
3, 248, 242
3, 248, 243
3, 248, 244
3, 248, 245
3, 248, 246
3, 248, 247
3, 248, 248
3, 248, 249
3, 248, 250
3, 248, 251
3, 248, 252
3, 248, 253
3, 248, 254
3, 248, 255
3, 248, 256
3, 248, 257
3, 248, 258
3, 248, 259
3, 248, 260
3, 248, 261
3, 248, 262
3, 248, 263
3, 248, 264
3, 248, 265
3, 248, 266
3, 248, 267
3, 248, 268
3, 248, 269
3, 248, 270
3, 248, 271
3, 248, 272
3, 248, 273
3, 248, 274
3, 248, 275
3, 248, 276
3, 248, 277
3, 248, 278
3, 248, 279
3, 248, 280
3, 248, 281
3, 248, 282
3, 248, 283
3, 248, 284
3, 248, 285
3, 248, 286
3, 248, 287
3, 248, 288
3, 248, 289
3, 248, 290
3, 248, 291
3, 248, 292
3, 248, 293
3, 248, 294
3, 248, 295
3, 248, 296
3, 248, 297
3, 248, 298
3, 248, 299
3, 248, 300
3, 248, 301
3, 248, 302
3, 248, 303
3, 248, 304
3, 248, 305
3, 248, 306
3, 248, 307
3, 248, 308
3, 248, 309
3, 248, 310
3, 248, 311
3, 248, 312
3, 248, 313
3, 248, 314
3, 248, 315
3, 248, 316
3, 248, 317
3, 248, 318
3, 248, 319
3, 248, 320
3, 248, 321
3, 248, 322
3, 248, 323
3, 248, 324
3, 248, 325
3, 248, 326
3, 248, 327
3, 248, 328
3, 248, 329
3, 248, 330
3, 248, 331
3, 248, 332
3, 248, 333
3, 248, 334
3, 248, 335
3, 248, 336
3, 248, 337
3, 248, 338
3, 248, 339
3, 248, 340
3, 248, 341
3, 248, 342
3, 248, 343
3, 248, 344
3, 248, 345
3, 248, 346
3, 248, 347
3, 248, 348
3, 248, 349
3, 248, 350
3, 248, 351
3, 248, 352
3, 248, 353
3, 248, 354
3, 248, 355
3, 248, 356
3, 248, 357
3, 248, 358
3, 248, 359
3, 248, 360
3, 248, 361
3, 248, 362
3, 248, 363
3, 248, 364
3, 248, 365
3, 248, 366
3, 248, 367
3, 248, 368
3, 248, 369
3, 248, 370
3, 248, 371
3, 248, 372
3, 248, 373
3, 248, 374
3, 248, 375
3, 248, 376
3, 248, 377
3, 248, 378
3, 248, 379
3, 247, 380
3, 247, 381
3, 247, 382
3, 247, 383
3, 247, 384
3, 247, 385
3, 247, 386
3, 247, 387
3, 247, 388
3, 247, 389
3, 247, 390
3, 247, 391
3, 247, 392
3, 247, 393
3, 247, 394
3, 247, 395
3, 247, 396
3, 247, 397
3, 247, 398
3, 247, 399
3, 247, 400
3, 247, 401
3, 247, 402
3, 247, 403
3, 247, 404
3, 247, 405
3, 247, 406
3, 247, 407
3, 247, 408
3, 247, 409
3, 247, 410
3, 247, 411
3, 247, 412
3, 247, 413
3, 247, 414
3, 247, 415
3, 247, 416
3, 247, 417
3, 247, 418
3, 247, 419
3, 247, 420
3, 247, 421
3, 247, 422
3, 247, 423
3, 247, 424
3, 247, 425
3, 247, 426
3, 248, 427
3, 248, 428
3, 247, 429
3, 248, 429
3, 249, 429
3, 250, 429
3, 251, 429
3, 252, 429
3, 253, 429
3, 254, 429
3, 255, 429
3, 256, 429
3, 257, 429
3, 258, 429
3, 259, 429
3, 260, 429
3, 261, 429
3, 262, 429
3, 263, 429
3, 264, 429
3, 265, 429
3, 266, 429
3, 267, 429
3, 268, 429
3, 269, 429
3, 270, 429
3, 271, 429
3, 272, 429
3, 273, 429
3, 274, 429
3, 275, 429
3, 276, 429
3, 277, 429
3, 278, 429
3, 279, 429
3, 280, 429
3, 281, 429
3, 282, 429
3, 283, 429
3, 284, 429
3, 285, 429
3, 286, 429
3, 287, 429
3, 288, 429
3, 289, 429
3, 290, 429
3, 291, 429
3, 292, 429
3, 293, 429
3, 294, 429
3, 295, 429
3, 296, 429
3, 297, 429
3, 298, 429
3, 299, 429
3, 300, 429
3, 301, 429
3, 302, 429
3, 303, 429
3, 304, 429
3, 305, 429
3, 306, 429
3, 307, 429
3, 308, 429
3, 309, 429
3, 310, 429
3, 311, 429
3, 312, 429
3, 313, 429
3, 314, 429
3, 315, 429
3, 316, 429
3, 317, 429
3, 318, 429
3, 319, 429
3, 320, 429
3, 321, 429
3, 322, 429
3, 323, 429
3, 324, 429
3, 325, 429
3, 326, 429
3, 327, 429
3, 328, 429
3, 329, 429
3, 330, 429
3, 331, 429
3, 332, 429
3, 333, 429
3, 334, 429
3, 335, 429
3, 336, 429
3, 337, 429
3, 338, 429
3, 339, 429
3, 340, 429
3, 341, 429
3, 342, 429
3, 343, 429
3, 344, 429
3, 345, 429
3, 346, 429
3, 347, 429
3, 348, 429
3, 349, 429
3, 350, 429
3, 351, 429
3, 352, 429
3, 353, 429
3, 354, 429
3, 355, 429
3, 356, 429
3, 357, 429
3, 358, 429
3, 359, 429
3, 360, 429
3, 361, 429
3, 362, 429
3, 363, 429
3, 364, 429
3, 365, 429
3, 366, 429
3, 367, 429
3, 368, 429
3, 369, 429
3, 370, 429
3, 371, 429
3, 372, 429
3, 373, 429
3, 374, 429
3, 375, 429
3, 376, 429
3, 377, 429
3, 378, 429
3, 379, 429
3, 380, 429
3, 381, 429
3, 382, 429
3, 383, 429
3, 384, 429
3, 385, 429
3, 386, 429
3, 387, 429
3, 388, 429
3, 389, 429
3, 390, 429
3, 391, 429
3, 392, 429
3, 393, 429
3, 394, 429
3, 395, 429
3, 396, 429
3, 397, 429
3, 398, 429
3, 399, 429
3, 400, 429
3, 401, 429
3, 402, 429
3, 403, 429
3, 404, 429
3, 405, 429
3, 406, 429
3, 407, 429
3, 408, 429
3, 409, 429
3, 410, 429
3, 411, 429
3, 412, 429
3, 413, 429
3, 414, 429
3, 415, 429
3, 416, 429
3, 417, 429
3, 418, 429
3, 419, 429
3, 420, 429
3, 421, 429
3, 422, 429
3, 423, 429
3, 424, 429
3, 424, 428
3, 425, 427
3, 426, 427
3, 426, 426
3, 426, 425
3, 426, 424
3, 425, 423
3, 425, 422
3, 425, 421
3, 425, 420
3, 424, 419
3, 424, 418
3, 424, 417
3, 423, 416
3, 423, 415
3, 423, 414
3, 423, 413
3, 423, 412
3, 423, 411
3, 423, 410
3, 423, 409
3, 423, 408
3, 423, 407
3, 423, 406
3, 423, 405
3, 423, 404
3, 423, 403
3, 423, 402
3, 423, 401
3, 423, 400
3, 423, 399
3, 423, 398
3, 423, 397
3, 423, 396
3, 423, 395
3, 423, 394
3, 423, 393
3, 422, 392
3, 422, 391
3, 421, 390
3, 421, 389
3, 421, 388
3, 421, 387
3, 421, 386
3, 421, 385
3, 421, 384
3, 421, 383
3, 421, 382
3, 420, 381
3, 420, 380
3, 420, 379
3, 420, 378
3, 419, 377
3, 418, 376
3, 418, 375
3, 417, 374
3, 417, 373
3, 418, 372
3, 419, 371
3, 420, 370
3, 420, 369
3, 420, 368
3, 420, 367
3, 420, 366
3, 420, 365
3, 420, 364
3, 420, 363
3, 420, 362
3, 420, 361
3, 420, 360
3, 420, 359
3, 420, 358
3, 420, 357
3, 420, 356
3, 420, 355
3, 420, 354
3, 420, 353
3, 420, 352
3, 420, 351
3, 420, 350
3, 420, 349
3, 420, 348
3, 420, 347
3, 420, 346
3, 420, 345
3, 420, 344
3, 420, 343
3, 419, 343
3, 418, 342
3, 418, 341
3, 418, 340
3, 418, 339
3, 418, 338
3, 418, 337
3, 418, 336
3, 418, 335
3, 418, 334
3, 418, 333
3, 418, 332
3, 418, 331
3, 418, 330
3, 418, 329
3, 418, 328
3, 418, 327
3, 418, 326
3, 418, 325
3, 418, 324
3, 418, 323
3, 418, 322
3, 418, 321
3, 419, 320
3, 420, 321
3, 421, 322
3, 421, 323
3, 421, 324
3, 421, 325
3, 421, 326
3, 421, 327
3, 421, 328
3, 421, 329
3, 421, 330
3, 421, 331
3, 421, 332
3, 421, 333
3, 421, 334
3, 421, 335
3, 421, 336
3, 421, 337
3, 421, 338
3, 421, 339
3, 421, 340
3, 421, 341
3, 421, 340
3, 421, 339
3, 421, 338
3, 421, 337
3, 421, 336
3, 421, 335
3, 421, 334
3, 421, 333
3, 421, 332
3, 421, 331
3, 421, 330
3, 421, 329
3, 421, 328
3, 421, 327
3, 421, 326
3, 421, 325
3, 421, 324
3, 421, 323
3, 421, 322
3, 420, 321
3, 420, 320
3, 420, 319
3, 420, 318
3, 419, 317
3, 418, 316
3, 417, 316
3, 416, 316
3, 415, 315
3, 414, 314
3, 413, 314
3, 412, 314
3, 411, 313
3, 410, 313
3, 409, 313
3, 408, 312
3, 407, 311
3, 406, 311
3, 405, 310
3, 404, 309
3, 403, 309
3, 402, 309
3, 401, 309
3, 400, 308
3, 400, 307
3, 399, 306
3, 399, 305
3, 398, 304
3, 397, 303
3, 397, 302
3, 396, 301
3, 395, 300
3, 395, 299
3, 394, 298
3, 394, 297
3, 393, 296
3, 392, 296
3, 391, 295
3, 391, 294
3, 390, 293
3, 390, 292
3, 389, 291
3, 389, 290
3, 388, 289
3, 387, 288
3, 387, 287
3, 387, 286
3, 386, 286
3, 385, 285
3, 385, 284
3, 384, 283
3, 383, 282
3, 382, 281
3, 381, 280
3, 381, 279
3, 380, 278
3, 379, 277
3, 378, 276
3, 378, 275
3, 377, 274
3, 376, 274
3, 375, 273
3, 375, 272
3, 375, 271
3, 375, 270
3, 375, 269
3, 374, 268
3, 374, 267
3, 373, 267
3, 372, 266
3, 371, 266
3, 370, 265
3, 370, 264
3, 369, 263
3, 369, 262
3, 369, 261
3, 369, 260
3, 369, 259
3, 369, 258
3, 368, 257
3, 368, 256
3, 368, 255
3, 367, 254
3, 366, 253
3, 365, 252
3, 365, 251
3, 365, 250
3, 365, 249
3, 365, 248
3, 365, 247
3, 366, 246
3, 367, 245
3, 368, 245
3, 369, 244
3, 370, 244
3, 371, 243
3, 372, 243
3, 373, 243
3, 374, 243
3, 375, 242
3, 376, 241
3, 377, 241
3, 378, 241
3, 379, 240
3, 380, 239
3, 381, 239
3, 382, 238
3, 383, 238
3, 384, 237
3, 385, 237
3, 386, 237
3, 387, 236
3, 388, 236
3, 389, 236
3, 390, 235
3, 391, 235
3, 392, 234
3, 393, 234
3, 394, 233
3, 395, 233
3, 396, 232
3, 397, 232
3, 398, 232
3, 399, 231
3, 400, 231
3, 401, 230
3, 402, 230
3, 403, 230
3, 404, 229
3, 405, 229
3, 406, 228
3, 407, 227
3, 408, 227
3, 409, 227
3, 410, 227
3, 411, 226
3, 412, 225
3, 413, 225
3, 414, 225
3, 415, 225
3, 416, 224
3, 417, 223
3, 418, 223
3, 419, 223
3, 420, 222
3, 421, 222
3, 422, 222
3, 423, 221
3, 424, 221
3, 425, 220
3, 426, 219
3, 427, 219
3, 428, 219
3, 429, 218
3, 430, 218
3, 431, 217
3, 432, 216
3, 433, 216
3, 434, 216
3, 435, 215
3, 436, 214
3, 437, 214
3, 438, 215
3, 437, 216
3, 436, 217
3, 436, 218
3, 435, 219
3, 434, 220
3, 433, 221
3, 432, 222
3, 431, 223
3, 430, 224
3, 429, 225
3, 428, 226
3, 427, 227
3, 426, 227
3, 425, 227
3, 424, 227
3, 423, 227
3, 422, 227
3, 421, 227
3, 420, 227
3, 419, 227
3, 418, 227
3, 417, 227
3, 416, 228
3, 416, 229
3, 416, 230
3, 416, 229
3, 416, 228
3, 417, 227
3, 418, 227
3, 419, 227
3, 420, 227
3, 421, 227
3, 422, 227
3, 423, 227
3, 424, 227
3, 425, 227
3, 426, 228
3, 427, 227
3, 428, 227
3, 429, 226
3, 430, 225
3, 431, 224
3, 432, 223
3, 433, 222
3, 434, 221
3, 435, 220
3, 436, 219
3, 436, 218
3, 437, 217
3, 438, 216
3, 438, 215
3, 438, 214
3, 437, 214
3, 436, 214
3, 435, 215
3, 434, 215
3, 433, 216
3, 432, 216
3, 431, 217
3, 430, 217
3, 429, 218
3, 428, 218
3, 427, 219
3, 426, 219
3, 425, 220
3, 424, 220
3, 423, 221
3, 422, 221
3, 421, 222
3, 420, 222
3, 419, 222
3, 418, 223
3, 417, 223
3, 416, 224
3, 415, 224
3, 414, 225
3, 413, 225
3, 412, 225
3, 411, 226
3, 410, 226
3, 409, 227
3, 408, 227
3, 407, 227
3, 406, 228
3, 405, 228
3, 404, 229
3, 403, 229
3, 402, 230
3, 401, 230
3, 400, 231
3, 399, 231
3, 398, 231
3, 397, 232
3, 396, 232
3, 395, 233
3, 394, 233
3, 393, 233
3, 392, 234
3, 391, 234
3, 390, 235
3, 389, 235
3, 388, 236
3, 387, 236
3, 386, 236
3, 385, 237
3, 384, 237
3, 383, 237
3, 382, 238
3, 381, 238
3, 380, 239
3, 379, 240
3, 378, 240
3, 377, 241
3, 376, 241
3, 375, 241
3, 374, 242
3, 373, 243
3, 372, 243
3, 371, 243
3, 370, 244
3, 369, 244
3, 368, 245
3, 367, 245
3, 366, 245
3, 365, 246
3, 365, 247
3, 365, 248
3, 365, 249
3, 365, 250
3, 365, 251
3, 365, 252
3, 366, 253
3, 366, 254
3, 367, 255
3, 368, 256
3, 368, 257
3, 369, 258
3, 369, 259
3, 369, 260
3, 369, 261
3, 369, 262
3, 369, 263
3, 369, 264
3, 370, 265
3, 371, 266
3, 372, 266
3, 373, 267
3, 372, 268
3, 371, 269
3, 370, 268
3, 369, 267
3, 368, 266
3, 367, 265
3, 366, 264
3, 366, 263
3, 366, 262
3, 366, 261
3, 366, 260
3, 366, 259
3, 366, 258
3, 365, 257
3, 365, 256
3, 364, 255
3, 364, 254
3, 363, 253
3, 363, 252
3, 362, 251
3, 362, 250
3, 362, 249
3, 362, 248
3, 361, 248
3, 360, 248
3, 359, 248
3, 358, 249
3, 357, 249
3, 356, 250
3, 355, 250
3, 354, 251
3, 353, 251
3, 352, 251
3, 351, 251
3, 350, 252
3, 349, 252
3, 348, 252
3, 347, 252
3, 346, 253
3, 345, 253
3, 344, 253
3, 343, 254
3, 342, 254
3, 341, 253
3, 341, 252
3, 341, 251
3, 342, 250
3, 342, 249
3, 343, 248
3, 343, 247
3, 343, 246
3, 344, 245
3, 344, 244
3, 345, 243
3, 345, 242
3, 346, 241
3, 347, 240
3, 347, 239
3, 348, 238
3, 349, 237
3, 350, 236
3, 351, 235
3, 351, 234
3, 352, 233
3, 353, 232
3, 353, 231
3, 354, 230
3, 355, 229
3, 356, 228
3, 356, 227
3, 357, 226
3, 358, 225
3, 359, 224
3, 360, 223
3, 361, 222
3, 362, 222
3, 362, 221
3, 363, 220
3, 364, 219
3, 365, 218
3, 366, 217
3, 367, 216
3, 368, 215
3, 369, 214
3, 370, 213
3, 371, 212
3, 372, 211
3, 373, 210
3, 374, 209
3, 375, 208
3, 376, 207
3, 377, 207
3, 378, 206
3, 379, 206
3, 380, 205
3, 380, 204
3, 381, 203
3, 382, 203
3, 383, 202
3, 384, 201
3, 384, 200
3, 385, 199
3, 386, 199
3, 387, 198
3, 388, 197
3, 389, 197
3, 390, 196
3, 391, 195
3, 392, 194
3, 393, 193
3, 394, 193
3, 395, 192
3, 396, 191
3, 397, 191
3, 396, 191
3, 395, 191
3, 394, 190
3, 393, 190
3, 392, 190
3, 391, 190
3, 390, 190
3, 389, 190
3, 388, 190
3, 387, 190
3, 386, 190
3, 385, 190
3, 384, 190
3, 383, 190
3, 382, 190
3, 381, 190
3, 380, 190
3, 379, 190
3, 378, 190
3, 377, 190
3, 376, 190
3, 375, 190
3, 374, 190
3, 373, 190
3, 372, 190
3, 371, 190
3, 370, 190
3, 369, 190
3, 368, 190
3, 367, 190
3, 366, 190
3, 365, 190
3, 364, 190
3, 363, 190
3, 362, 190
3, 361, 190
3, 360, 191
3, 359, 191
3, 358, 192
3, 358, 193
3, 357, 194
3, 356, 195
3, 355, 196
3, 354, 197
3, 353, 196
3, 353, 195
3, 354, 194
3, 355, 193
3, 356, 192
3, 356, 191
3, 356, 190
3, 357, 189
3, 358, 189
3, 359, 189
3, 360, 188
3, 361, 188
3, 362, 188
3, 363, 188
3, 364, 188
3, 365, 188
3, 366, 188
3, 367, 188
3, 368, 188
3, 369, 188
3, 370, 188
3, 371, 188
3, 372, 188
3, 373, 188
3, 374, 188
3, 375, 188
3, 376, 188
3, 377, 188
3, 378, 188
3, 379, 188
3, 380, 188
3, 381, 188
3, 382, 188
3, 383, 188
3, 384, 188
3, 385, 188
3, 386, 187
3, 387, 187
3, 388, 188
3, 389, 188
3, 390, 188
3, 391, 188
3, 392, 188
3, 393, 188
3, 394, 188
3, 395, 188
3, 396, 188
3, 397, 188
3, 398, 188
3, 399, 188
3, 400, 188
3, 401, 188
3, 402, 187
3, 403, 186
3, 404, 185
3, 405, 185
3, 406, 184
3, 407, 183
3, 408, 183
3, 409, 182
3, 410, 182
3, 410, 181
3, 410, 180
3, 410, 179
3, 410, 178
3, 410, 177
3, 409, 176
3, 409, 175
3, 409, 174
3, 409, 173
3, 409, 172
3, 409, 171
3, 409, 170
3, 409, 169
3, 409, 168
3, 408, 167
3, 408, 166
3, 408, 165
3, 408, 164
3, 408, 163
3, 407, 162
3, 407, 161
3, 407, 160
3, 406, 159
3, 406, 158
3, 406, 157
3, 406, 156
3, 406, 155
3, 406, 154
3, 406, 153
3, 406, 152
3, 406, 151
3, 406, 150
3, 405, 149
3, 405, 148
3, 405, 147
3, 405, 146
3, 404, 145
3, 404, 144
3, 404, 143
3, 404, 142
3, 404, 141
3, 405, 140
3, 404, 139
3, 404, 138
3, 403, 137
3, 403, 136
3, 403, 135
3, 403, 134
3, 403, 133
3, 403, 132
3, 403, 131
3, 403, 130
3, 403, 129
3, 403, 128
3, 403, 127
3, 403, 126
3, 403, 125
3, 403, 124
3, 403, 123
3, 404, 122
3, 404, 121
3, 404, 120
3, 404, 119
3, 404, 118
3, 404, 117
3, 404, 116
3, 404, 115
3, 404, 114
3, 404, 113
3, 404, 112
3, 404, 111
3, 404, 110
3, 404, 109
3, 404, 108
3, 404, 107
3, 404, 106
3, 404, 105
3, 403, 104
3, 403, 103
3, 402, 102
3, 401, 102
3, 400, 102
3, 399, 101
3, 398, 100
3, 398, 99
3, 397, 98
3, 396, 97
3, 396, 96
3, 395, 95
3, 395, 94
3, 394, 93
3, 393, 92
3, 394, 91
3, 395, 91
3, 396, 92
3, 397, 93
3, 397, 94
3, 398, 95
3, 399, 96
3, 399, 97
3, 400, 98
3, 401, 99
3, 402, 99
3, 403, 100
3, 404, 101
3, 405, 102
3, 405, 103
3, 406, 104
3, 407, 105
3, 407, 106
3, 407, 107
3, 407, 108
3, 407, 109
3, 407, 110
3, 407, 111
3, 407, 112
3, 407, 113
3, 407, 114
3, 407, 115
3, 407, 116
3, 407, 117
3, 407, 118
3, 407, 119
3, 407, 120
3, 407, 121
3, 407, 122
3, 406, 123
3, 406, 124
3, 406, 125
3, 405, 126
3, 405, 127
3, 405, 128
3, 405, 129
3, 405, 130
3, 405, 131
3, 405, 132
3, 405, 133
3, 405, 134
3, 405, 135
3, 405, 136
3, 406, 137
3, 406, 138
3, 407, 139
3, 407, 140
3, 407, 141
3, 407, 142
3, 408, 143
3, 408, 144
3, 408, 145
3, 408, 146
3, 408, 147
3, 408, 148
3, 408, 149
3, 408, 150
3, 409, 151
3, 409, 152
3, 409, 153
3, 409, 154
3, 409, 155
3, 409, 156
3, 409, 157
3, 409, 158
3, 409, 159
3, 409, 160
3, 410, 161
3, 410, 162
3, 410, 163
3, 410, 164
3, 411, 165
3, 411, 166
3, 411, 167
3, 411, 168
3, 411, 169
3, 412, 170
3, 412, 171
3, 412, 172
3, 412, 173
3, 412, 174
3, 412, 175
3, 412, 176
3, 413, 177
3, 413, 178
3, 413, 179
3, 414, 179
3, 415, 179
3, 416, 179
3, 417, 178
3, 418, 178
3, 419, 177
3, 420, 177
3, 421, 176
3, 422, 176
3, 423, 175
3, 424, 175
3, 425, 174
3, 426, 174
3, 427, 173
3, 428, 173
3, 429, 173
3, 430, 172
3, 431, 172
3, 432, 171
3, 433, 171
3, 434, 170
3, 435, 170
3, 436, 169
3, 437, 169
3, 438, 169
3, 439, 168
3, 440, 168
3, 441, 168
3, 442, 167
3, 443, 167
3, 444, 167
3, 445, 167
3, 446, 166
3, 447, 166
3, 448, 166
3, 449, 166
3, 450, 166
3, 451, 166
3, 452, 166
3, 453, 166
3, 454, 166
3, 455, 166
3, 456, 166
3, 457, 166
3, 458, 166
3, 459, 167
3, 459, 168
3, 459, 169
3, 460, 170
3, 460, 171
3, 461, 172
3, 461, 173
3, 461, 174
3, 461, 175
3, 462, 176
3, 461, 177
3, 461, 178
3, 461, 179
3, 461, 180
3, 460, 181
3, 460, 182
3, 460, 183
3, 460, 184
3, 459, 185
3, 459, 186
3, 459, 187
3, 458, 188
3, 458, 189
3, 457, 190
3, 457, 191
3, 456, 192
3, 456, 193
3, 455, 194
3, 455, 195
3, 454, 196
3, 453, 197
3, 453, 198
3, 452, 199
3, 452, 200
3, 451, 201
3, 450, 202
3, 450, 203
3, 449, 204
3, 449, 205
3, 449, 206
3, 450, 206
3, 451, 205
3, 452, 205
3, 453, 204
3, 454, 204
3, 455, 204
3, 456, 203
3, 457, 203
3, 458, 202
3, 459, 202
3, 460, 202
3, 461, 201
3, 462, 201
3, 463, 200
3, 464, 200
3, 465, 200
3, 466, 199
3, 467, 199
3, 468, 198
3, 469, 198
3, 470, 198
3, 471, 198
3, 472, 197
3, 473, 197
3, 474, 196
3, 475, 196
3, 476, 195
3, 477, 195
3, 478, 194
3, 479, 194
3, 480, 194
3, 481, 193
3, 482, 193
3, 483, 192
3, 484, 192
3, 485, 191
3, 486, 191
3, 487, 191
3, 488, 190
3, 489, 190
3, 490, 189
3, 491, 189
3, 492, 188
3, 493, 188
3, 494, 189
3, 494, 190
3, 493, 191
3, 492, 192
3, 491, 192
3, 490, 192
3, 489, 193
3, 488, 193
3, 487, 194
3, 486, 194
3, 485, 195
3, 484, 195
3, 483, 195
3, 482, 196
3, 481, 196
3, 480, 197
3, 479, 197
3, 478, 198
3, 477, 198
3, 476, 198
3, 475, 198
3, 474, 199
3, 473, 200
3, 472, 200
3, 471, 200
3, 470, 201
3, 469, 201
3, 468, 202
3, 467, 202
3, 466, 202
3, 465, 203
3, 464, 203
3, 463, 204
3, 462, 204
3, 461, 205
3, 460, 205
3, 459, 205
3, 458, 205
3, 457, 206
3, 456, 206
3, 455, 206
3, 454, 207
3, 453, 207
3, 452, 208
3, 451, 208
3, 450, 208
3, 449, 209
3, 448, 209
3, 447, 210
3, 446, 210
3, 445, 210
3, 444, 211
3, 444, 212
3, 443, 213
3, 442, 214
3, 441, 215
3, 441, 216
3, 440, 217
3, 439, 218
3, 438, 219
3, 438, 220
3, 437, 221
3, 436, 222
3, 435, 223
3, 434, 224
3, 433, 225
3, 432, 226
3, 433, 227
3, 434, 227
3, 435, 227
3, 436, 227
3, 437, 227
3, 438, 227
3, 439, 227
3, 440, 227
3, 441, 226
3, 442, 225
3, 443, 225
3, 444, 225
3, 445, 225
3, 446, 225
3, 447, 225
3, 448, 225
3, 449, 224
3, 450, 224
3, 451, 223
3, 452, 223
3, 453, 223
3, 454, 223
3, 455, 223
3, 456, 223
3, 457, 223
3, 458, 223
3, 459, 223
3, 460, 223
3, 461, 223
3, 462, 223
3, 463, 223
3, 464, 224
3, 465, 224
3, 464, 223
3, 463, 223
3, 462, 223
3, 461, 223
3, 460, 223
3, 459, 223
3, 458, 223
3, 457, 223
3, 456, 223
3, 455, 223
3, 454, 223
3, 453, 223
3, 452, 223
3, 451, 223
3, 450, 224
3, 449, 224
3, 448, 225
3, 447, 225
3, 446, 225
3, 445, 225
3, 444, 225
3, 443, 225
3, 442, 225
3, 441, 225
3, 440, 226
3, 439, 227
3, 438, 227
3, 437, 227
3, 436, 227
3, 435, 227
3, 434, 227
3, 433, 226
3, 434, 225
3, 435, 224
3, 436, 223
3, 437, 222
3, 438, 221
3, 438, 220
3, 439, 219
3, 440, 218
3, 441, 217
3, 441, 216
3, 442, 215
3, 443, 214
3, 444, 213
3, 444, 212
3, 445, 211
3, 446, 210
3, 447, 210
3, 448, 209
3, 449, 209
3, 450, 209
3, 451, 208
3, 452, 208
3, 453, 207
3, 454, 207
3, 455, 207
3, 456, 206
3, 457, 206
3, 458, 205
3, 459, 205
3, 460, 205
3, 461, 205
3, 462, 204
3, 463, 204
3, 464, 204
3, 465, 203
3, 466, 202
3, 467, 202
3, 468, 202
3, 469, 201
3, 470, 201
3, 471, 201
3, 472, 200
3, 473, 200
3, 474, 200
3, 475, 199
3, 476, 198
3, 477, 198
3, 478, 198
3, 479, 198
3, 480, 197
3, 481, 197
3, 482, 196
3, 483, 196
3, 484, 195
3, 485, 195
3, 486, 194
3, 487, 194
3, 488, 194
3, 489, 193
3, 490, 193
3, 491, 192
3, 492, 192
3, 493, 192
3, 494, 191
3, 494, 190
3, 494, 189
3, 494, 188
3, 493, 188
3, 492, 188
3, 491, 189
3, 490, 189
3, 489, 190
3, 488, 190
3, 487, 190
3, 486, 191
3, 485, 191
3, 484, 192
3, 483, 192
3, 482, 192
3, 481, 193
3, 480, 193
3, 479, 194
3, 478, 194
3, 477, 195
3, 476, 195
3, 475, 195
3, 474, 196
3, 473, 197
3, 472, 197
3, 471, 197
3, 470, 198
3, 469, 198
3, 468, 198
3, 467, 199
3, 466, 199
3, 465, 199
3, 464, 200
3, 463, 200
3, 462, 201
3, 461, 201
3, 460, 202
3, 459, 202
3, 458, 202
3, 457, 203
3, 456, 203
3, 455, 203
3, 454, 204
3, 453, 204
3, 452, 205
3, 451, 205
3, 450, 206
3, 449, 205
3, 449, 204
3, 450, 203
3, 451, 202
3, 452, 201
3, 452, 200
3, 453, 199
3, 453, 198
3, 454, 197
3, 455, 196
3, 455, 195
3, 456, 194
3, 456, 193
3, 457, 192
3, 457, 191
3, 457, 190
3, 458, 189
3, 459, 188
3, 459, 187
3, 459, 186
3, 460, 185
3, 460, 184
3, 460, 183
3, 460, 182
3, 461, 181
3, 461, 180
3, 461, 179
3, 461, 178
3, 462, 177
3, 462, 176
3, 462, 175
3, 461, 174
3, 461, 173
3, 461, 172
3, 461, 171
3, 460, 170
3, 460, 169
3, 459, 168
3, 459, 167
3, 459, 166
3, 458, 166
3, 457, 166
3, 456, 166
3, 455, 166
3, 454, 166
3, 453, 166
3, 452, 166
3, 451, 166
3, 450, 166
3, 449, 166
3, 448, 166
3, 447, 166
3, 446, 166
3, 445, 166
3, 444, 167
3, 443, 167
3, 442, 167
3, 441, 168
3, 440, 168
3, 439, 168
3, 438, 168
3, 437, 169
3, 436, 169
3, 435, 169
3, 434, 170
3, 433, 170
3, 432, 171
3, 431, 171
3, 430, 172
3, 429, 173
3, 428, 173
3, 427, 173
3, 426, 174
3, 425, 174
3, 424, 175
3, 423, 175
3, 422, 175
3, 421, 176
3, 420, 176
3, 419, 177
3, 418, 177
3, 417, 178
3, 416, 178
3, 415, 179
3, 414, 179
3, 413, 178
3, 413, 177
3, 413, 176
3, 412, 175
3, 412, 174
3, 412, 173
3, 412, 172
3, 412, 171
3, 412, 170
3, 411, 169
3, 411, 168
3, 411, 167
3, 411, 166
3, 411, 165
3, 410, 164
3, 410, 163
3, 410, 162
3, 410, 161
3, 410, 160
3, 409, 159
3, 409, 158
3, 409, 157
3, 409, 156
3, 409, 155
3, 409, 154
3, 409, 153
3, 409, 152
3, 409, 151
3, 408, 150
3, 408, 149
3, 408, 148
3, 408, 147
3, 408, 146
3, 408, 145
3, 408, 144
3, 408, 143
3, 407, 142
3, 407, 141
3, 407, 140
3, 407, 139
3, 406, 138
3, 406, 137
3, 405, 136
3, 405, 135
3, 405, 134
3, 405, 133
3, 405, 132
3, 405, 131
3, 405, 130
3, 405, 129
3, 405, 128
3, 405, 127
3, 405, 126
3, 406, 125
3, 406, 124
3, 407, 123
3, 407, 122
3, 407, 121
3, 407, 120
3, 407, 119
3, 407, 118
3, 407, 117
3, 407, 116
3, 407, 115
3, 407, 114
3, 407, 113
3, 407, 112
3, 407, 111
3, 407, 110
3, 407, 109
3, 407, 108
3, 407, 107
3, 407, 106
3, 407, 105
3, 406, 104
3, 406, 103
3, 405, 102
3, 405, 101
3, 404, 100
3, 403, 99
3, 402, 99
3, 401, 98
3, 400, 97
3, 399, 96
3, 399, 95
3, 398, 94
3, 397, 93
3, 397, 92
3, 396, 91
3, 395, 90
3, 394, 89
3, 393, 89
3, 392, 88
3, 392, 87
3, 391, 86
3, 390, 86
3, 389, 86
3, 388, 86
3, 387, 86
3, 386, 86
3, 385, 86
3, 385, 87
3, 384, 88
3, 383, 89
3, 382, 90
3, 381, 90
3, 380, 90
3, 379, 89
3, 378, 89
3, 377, 89
3, 376, 89
3, 375, 88
3, 374, 88
3, 373, 87
3, 372, 86
3, 372, 85
3, 371, 84
3, 371, 83
3, 370, 82
3, 370, 81
3, 370, 80
3, 370, 79
3, 369, 78
3, 369, 77
3, 369, 76
3, 368, 75
3, 368, 74
3, 368, 73
3, 368, 72
3, 368, 71
3, 368, 70
3, 368, 69
3, 368, 68
3, 368, 67
3, 368, 66
3, 367, 65
3, 366, 64
3, 366, 63
3, 365, 63
3, 364, 62
3, 364, 61
3, 365, 60
3, 366, 61
3, 366, 60
3, 365, 59
3, 365, 58
3, 365, 57
3, 365, 56
3, 365, 55
3, 365, 54
3, 365, 53
3, 366, 52
3, 366, 51
3, 365, 50
3, 365, 49
3, 365, 48
3, 365, 47
3, 365, 46
3, 365, 45
3, 365, 44
3, 365, 43
3, 365, 42
3, 366, 41
3, 365, 40
3, 365, 39
3, 365, 38
3, 365, 37
3, 364, 37
3, 363, 37
3, 362, 37
3, 361, 37
3, 360, 37
3, 359, 37
3, 358, 37
3, 357, 37
3, 356, 37
3, 355, 37
3, 354, 37
3, 353, 37
3, 352, 37
3, 351, 37
3, 350, 37
3, 349, 37
3, 348, 37
3, 347, 37
3, 346, 37
3, 345, 37
3, 344, 37
3, 343, 37
3, 342, 37
3, 341, 37
3, 340, 37
3, 339, 37
3, 338, 37
3, 337, 37
3, 336, 37
3, 335, 37
3, 334, 37
3, 333, 37
3, 332, 37
3, 331, 37
3, 330, 37
3, 329, 37
3, 328, 37
3, 327, 37
3, 326, 37
3, 325, 37
3, 324, 37
3, 323, 37
3, 322, 37
3, 321, 37
3, 320, 37
3, 319, 37
3, 318, 37
3, 317, 37
3, 316, 37
3, 315, 37
3, 314, 37
3, 313, 37
3, 312, 37
3, 311, 37
3, 310, 37
3, 309, 37
3, 308, 37
3, 307, 37
3, 306, 37
3, 305, 37
3, 304, 37
3, 303, 37
3, 302, 37
3, 301, 37
3, 300, 37
3, 299, 37
3, 298, 37
3, 297, 37
3, 296, 37
3, 295, 37
3, 294, 37
3, 293, 37
3, 292, 37
3, 291, 37
3, 290, 37
3, 289, 37
3, 288, 37
3, 287, 37
3, 286, 37
3, 285, 37
3, 284, 37
3, 283, 37
3, 282, 37
3, 281, 37
3, 280, 37
3, 279, 37
3, 278, 37
3, 277, 37
3, 276, 37
3, 275, 37
3, 274, 37
3, 273, 37
3, 272, 37
3, 271, 37
3, 270, 37
3, 269, 37
3, 268, 37
3, 267, 37
3, 266, 37
3, 265, 37
3, 264, 37
3, 263, 37
3, 262, 37
3, 261, 37
3, 260, 37
3, 259, 37
3, 258, 37
3, 257, 37
3, 256, 37
3, 255, 37
3, 254, 37
3, 253, 37
3, 252, 37
3, 251, 37
4, 422, 424
4, 423, 423
4, 424, 424
4, 425, 424
4, 426, 425
4, 426, 426
4, 425, 427
4, 424, 428
4, 423, 429
4, 422, 429
4, 421, 429
4, 420, 429
4, 419, 429
4, 418, 429
4, 417, 429
4, 416, 429
4, 415, 429
4, 414, 429
4, 413, 429
4, 412, 429
4, 411, 429
4, 410, 429
4, 409, 429
4, 408, 429
4, 407, 429
4, 406, 429
4, 405, 429
4, 404, 429
4, 403, 429
4, 402, 429
4, 401, 429
4, 400, 429
4, 399, 429
4, 398, 429
4, 397, 429
4, 396, 429
4, 395, 429
4, 394, 429
4, 393, 429
4, 392, 429
4, 391, 429
4, 390, 429
4, 389, 429
4, 388, 429
4, 387, 429
4, 386, 429
4, 385, 429
4, 384, 429
4, 383, 429
4, 382, 429
4, 381, 429
4, 380, 429
4, 379, 429
4, 378, 429
4, 377, 429
4, 376, 429
4, 375, 429
4, 374, 429
4, 373, 429
4, 372, 429
4, 371, 429
4, 370, 429
4, 369, 429
4, 368, 429
4, 367, 429
4, 366, 429
4, 365, 429
4, 364, 429
4, 363, 429
4, 362, 429
4, 361, 429
4, 360, 429
4, 359, 429
4, 358, 429
4, 357, 429
4, 356, 429
4, 355, 429
4, 354, 429
4, 353, 429
4, 352, 429
4, 351, 429
4, 350, 429
4, 349, 429
4, 348, 429
4, 347, 429
4, 346, 429
4, 345, 429
4, 344, 429
4, 343, 429
4, 342, 429
4, 341, 429
4, 340, 429
4, 339, 429
4, 338, 429
4, 337, 429
4, 336, 429
4, 335, 429
4, 334, 429
4, 333, 429
4, 332, 429
4, 331, 429
4, 330, 429
4, 329, 429
4, 328, 429
4, 327, 429
4, 326, 429
4, 325, 429
4, 324, 429
4, 323, 429
4, 322, 429
4, 321, 429
4, 320, 429
4, 319, 429
4, 318, 429
4, 317, 429
4, 316, 429
4, 315, 429
4, 314, 429
4, 313, 429
4, 312, 429
4, 311, 429
4, 310, 429
4, 309, 429
4, 308, 429
4, 307, 429
4, 306, 429
4, 305, 429
4, 304, 429
4, 303, 429
4, 302, 429
4, 301, 429
4, 300, 429
4, 299, 429
4, 298, 429
4, 297, 429
4, 296, 429
4, 295, 429
4, 294, 429
4, 293, 429
4, 292, 429
4, 291, 429
4, 290, 429
4, 289, 429
4, 288, 429
4, 287, 429
4, 286, 429
4, 285, 429
4, 284, 429
4, 283, 429
4, 282, 429
4, 281, 429
4, 280, 429
4, 279, 429
4, 278, 429
4, 277, 429
4, 276, 429
4, 275, 429
4, 274, 429
4, 273, 429
4, 272, 429
4, 271, 429
4, 270, 429
4, 269, 429
4, 268, 429
4, 267, 429
4, 266, 429
4, 265, 429
4, 264, 429
4, 263, 429
4, 262, 429
4, 261, 429
4, 260, 429
4, 259, 429
4, 258, 429
4, 257, 429
4, 256, 429
4, 255, 429
4, 254, 429
4, 253, 429
4, 252, 429
4, 251, 429
4, 250, 429
4, 249, 429
4, 248, 428
4, 249, 427
4, 250, 427
4, 251, 427
4, 252, 427
4, 253, 427
4, 254, 427
4, 255, 427
4, 256, 427
4, 257, 427
4, 258, 427
4, 259, 427
4, 260, 427
4, 261, 427
4, 262, 427
4, 263, 427
4, 264, 427
4, 265, 427
4, 266, 427
4, 267, 427
4, 268, 427
4, 269, 427
4, 270, 427
4, 271, 427
4, 272, 427
4, 273, 427
4, 274, 427
4, 275, 427
4, 276, 427
4, 277, 427
4, 278, 427
4, 279, 427
4, 280, 427
4, 281, 427
4, 282, 427
4, 283, 427
4, 284, 427
4, 285, 427
4, 286, 427
4, 287, 427
4, 288, 427
4, 289, 427
4, 290, 427
4, 291, 427
4, 292, 427
4, 293, 427
4, 294, 427
4, 295, 427
4, 296, 427
4, 297, 427
4, 298, 427
4, 299, 427
4, 300, 427
4, 301, 427
4, 302, 427
4, 303, 427
4, 304, 427
4, 305, 427
4, 306, 427
4, 307, 427
4, 308, 427
4, 309, 427
4, 310, 427
4, 311, 427
4, 312, 427
4, 313, 427
4, 314, 427
4, 315, 427
4, 316, 427
4, 317, 427
4, 318, 427
4, 319, 427
4, 320, 427
4, 321, 427
4, 322, 427
4, 323, 427
4, 324, 427
4, 325, 427
4, 326, 427
4, 327, 427
4, 328, 427
4, 329, 427
4, 330, 427
4, 331, 427
4, 332, 427
4, 333, 427
4, 334, 427
4, 335, 427
4, 336, 427
4, 337, 427
4, 338, 427
4, 339, 427
4, 340, 427
4, 341, 427
4, 342, 427
4, 343, 427
4, 344, 427
4, 345, 427
4, 346, 427
4, 347, 427
4, 348, 427
4, 349, 427
4, 350, 427
4, 351, 427
4, 352, 427
4, 353, 427
4, 354, 427
4, 355, 427
4, 356, 427
4, 357, 427
4, 358, 427
4, 359, 427
4, 360, 427
4, 361, 427
4, 362, 427
4, 363, 427
4, 364, 427
4, 365, 427
4, 366, 427
4, 367, 427
4, 368, 427
4, 369, 427
4, 370, 427
4, 371, 427
4, 372, 427
4, 373, 427
4, 374, 427
4, 375, 427
4, 376, 427
4, 377, 427
4, 378, 427
4, 379, 427
4, 380, 427
4, 381, 427
4, 382, 427
4, 383, 427
4, 384, 427
4, 385, 427
4, 386, 427
4, 387, 427
4, 388, 427
4, 389, 427
4, 390, 427
4, 391, 427
4, 392, 427
4, 393, 427
4, 394, 427
4, 395, 427
4, 396, 427
4, 397, 427
4, 398, 427
4, 399, 427
4, 400, 427
4, 401, 427
4, 402, 427
4, 403, 427
4, 404, 427
4, 405, 427
4, 406, 427
4, 407, 427
4, 408, 427
4, 409, 427
4, 410, 427
4, 411, 427
4, 412, 427
4, 413, 427
4, 414, 427
4, 415, 427
4, 416, 427
4, 417, 427
4, 418, 427
4, 419, 426
4, 420, 427
4, 421, 426
4, 422, 427
4, 421, 426
4, 421, 425
5, 360, 310
5, 361, 309
5, 362, 309
5, 363, 309
5, 364, 309
5, 365, 309
5, 366, 309
5, 367, 309
5, 368, 309
5, 369, 309
5, 370, 309
5, 371, 309
5, 372, 309
5, 373, 309
5, 374, 309
5, 375, 309
5, 376, 309
5, 377, 309
5, 378, 310
5, 378, 311
5, 379, 312
5, 380, 312
5, 381, 312
5, 382, 312
5, 383, 312
5, 384, 312
5, 385, 312
5, 386, 312
5, 387, 312
5, 388, 312
5, 389, 312
5, 390, 312
5, 391, 312
5, 392, 312
5, 393, 312
5, 394, 312
5, 395, 312
5, 396, 312
5, 397, 312
5, 398, 312
5, 399, 312
5, 400, 312
5, 401, 312
5, 402, 312
5, 403, 312
5, 404, 313
5, 405, 314
5, 406, 314
5, 407, 315
5, 408, 315
5, 409, 315
5, 410, 316
5, 411, 316
5, 412, 316
5, 413, 317
5, 414, 318
5, 415, 318
5, 416, 318
5, 417, 319
5, 417, 320
5, 418, 321
5, 418, 322
5, 418, 323
5, 418, 324
5, 418, 325
5, 418, 326
5, 418, 327
5, 418, 328
5, 418, 329
5, 418, 330
5, 418, 331
5, 418, 332
5, 418, 333
5, 418, 334
5, 418, 335
5, 418, 336
5, 418, 337
5, 418, 338
5, 418, 339
5, 418, 340
5, 418, 341
5, 418, 342
5, 418, 343
5, 418, 344
5, 418, 345
5, 418, 346
5, 418, 347
5, 418, 348
5, 418, 349
5, 418, 350
5, 418, 351
5, 418, 352
5, 418, 353
5, 418, 354
5, 418, 355
5, 418, 356
5, 418, 357
5, 418, 358
5, 418, 359
5, 418, 360
5, 418, 361
5, 418, 362
5, 418, 363
5, 418, 364
5, 418, 365
5, 418, 366
5, 418, 367
5, 417, 368
5, 416, 369
5, 415, 370
5, 415, 371
5, 415, 372
5, 414, 373
5, 415, 374
5, 415, 375
5, 415, 376
5, 416, 377
5, 416, 378
5, 417, 379
5, 417, 380
5, 418, 381
5, 418, 382
5, 418, 383
5, 418, 384
5, 418, 385
5, 418, 386
5, 418, 387
5, 418, 388
5, 418, 389
5, 418, 390
5, 418, 391
5, 419, 392
5, 420, 393
5, 420, 394
5, 421, 395
5, 421, 396
5, 421, 397
5, 421, 398
5, 421, 399
5, 421, 400
5, 421, 401
5, 421, 402
5, 421, 403
5, 421, 404
5, 421, 405
5, 421, 406
5, 421, 407
5, 421, 408
5, 421, 409
5, 421, 410
5, 421, 411
5, 421, 412
5, 421, 413
5, 421, 414
5, 421, 415
5, 421, 416
5, 421, 417
5, 421, 418
5, 421, 419
5, 422, 420
5, 422, 421
5, 422, 422
5, 422, 423
5, 421, 424
5, 421, 425
5, 420, 426
5, 419, 426
5, 418, 427
5, 417, 427
5, 416, 427
5, 415, 427
5, 414, 427
5, 413, 427
5, 412, 427
5, 411, 427
5, 410, 427
5, 409, 427
5, 408, 427
5, 407, 427
5, 406, 427
5, 405, 427
5, 404, 427
5, 403, 427
5, 402, 427
5, 401, 427
5, 400, 427
5, 399, 427
5, 398, 427
5, 397, 427
5, 396, 427
5, 395, 427
5, 394, 427
5, 393, 427
5, 392, 427
5, 391, 427
5, 390, 427
5, 389, 427
5, 388, 427
5, 387, 427
5, 386, 427
5, 385, 427
5, 384, 427
5, 383, 427
5, 382, 427
5, 381, 427
5, 380, 427
5, 379, 427
5, 378, 427
5, 377, 427
5, 376, 427
5, 375, 427
5, 374, 427
5, 373, 427
5, 372, 427
5, 371, 427
5, 370, 427
5, 369, 427
5, 368, 427
5, 367, 427
5, 366, 427
5, 365, 427
5, 364, 427
5, 363, 427
5, 362, 427
5, 361, 427
5, 360, 427
5, 359, 427
5, 358, 427
5, 357, 427
5, 356, 427
5, 355, 427
5, 354, 427
5, 353, 427
5, 352, 427
5, 351, 427
5, 350, 427
5, 349, 427
5, 348, 427
5, 347, 427
5, 346, 427
5, 345, 427
5, 344, 427
5, 343, 427
5, 342, 427
5, 341, 427
5, 340, 427
5, 339, 427
5, 338, 427
5, 337, 427
5, 336, 427
5, 335, 427
5, 334, 427
5, 333, 427
5, 332, 427
5, 331, 427
5, 330, 427
5, 329, 427
5, 328, 427
5, 327, 427
5, 326, 427
5, 325, 427
5, 324, 427
5, 323, 427
5, 322, 427
5, 321, 427
5, 320, 427
5, 319, 427
5, 318, 427
5, 317, 427
5, 316, 427
5, 315, 427
5, 314, 427
5, 313, 427
5, 312, 427
5, 311, 427
5, 310, 427
5, 309, 427
5, 308, 427
5, 307, 427
5, 306, 427
5, 305, 427
5, 304, 427
5, 303, 427
5, 302, 427
5, 301, 427
5, 300, 427
5, 299, 427
5, 298, 427
5, 297, 427
5, 296, 427
5, 295, 427
5, 294, 427
5, 293, 427
5, 292, 427
5, 291, 427
5, 290, 427
5, 289, 427
5, 288, 427
5, 287, 427
5, 286, 427
5, 285, 427
5, 284, 427
5, 283, 427
5, 282, 427
5, 281, 427
5, 280, 427
5, 279, 427
5, 278, 427
5, 277, 427
5, 276, 427
5, 275, 427
5, 274, 427
5, 273, 427
5, 272, 427
5, 271, 427
5, 270, 427
5, 269, 427
5, 268, 427
5, 267, 427
5, 266, 427
5, 265, 427
5, 264, 427
5, 263, 427
5, 262, 427
5, 261, 427
5, 260, 427
5, 259, 427
5, 258, 427
5, 257, 427
5, 256, 427
5, 255, 427
5, 254, 427
5, 253, 427
5, 252, 427
5, 251, 427
5, 250, 426
5, 250, 425
5, 250, 424
5, 250, 423
5, 250, 422
5, 250, 421
5, 250, 420
5, 250, 419
5, 250, 418
5, 250, 417
5, 250, 416
5, 250, 415
5, 250, 414
5, 250, 413
5, 250, 412
5, 250, 411
5, 250, 410
5, 250, 409
5, 250, 408
5, 250, 407
5, 250, 406
5, 250, 405
5, 250, 404
5, 250, 403
5, 250, 402
5, 250, 401
5, 250, 400
5, 250, 399
5, 250, 398
5, 250, 397
5, 250, 396
5, 250, 395
5, 250, 394
5, 250, 393
5, 250, 392
5, 250, 391
5, 250, 390
5, 250, 389
5, 250, 388
5, 250, 387
5, 250, 386
5, 250, 385
5, 250, 384
5, 250, 383
5, 250, 382
5, 250, 381
5, 250, 380
5, 250, 379
5, 250, 378
5, 250, 377
5, 250, 376
5, 250, 375
5, 250, 374
5, 250, 373
5, 250, 372
5, 250, 371
5, 250, 370
5, 250, 369
5, 250, 368
5, 250, 367
5, 250, 366
5, 250, 365
5, 250, 364
5, 250, 363
5, 250, 362
5, 250, 361
5, 250, 360
5, 250, 359
5, 250, 358
5, 250, 357
5, 250, 356
5, 250, 355
5, 250, 354
5, 250, 353
5, 250, 352
5, 250, 351
5, 250, 350
5, 250, 349
5, 250, 348
5, 250, 347
5, 250, 346
5, 250, 345
5, 250, 344
5, 250, 343
5, 250, 342
5, 250, 341
5, 250, 340
5, 250, 339
5, 250, 338
5, 250, 337
5, 250, 336
5, 250, 335
5, 250, 334
5, 250, 333
5, 250, 332
5, 250, 331
5, 250, 330
5, 250, 329
5, 250, 328
5, 250, 327
5, 250, 326
5, 250, 325
5, 250, 324
5, 250, 323
5, 250, 322
5, 250, 321
5, 250, 320
5, 250, 319
5, 251, 318
5, 252, 318
5, 253, 318
5, 254, 318
5, 255, 318
5, 256, 318
5, 257, 318
5, 258, 318
5, 259, 318
5, 260, 319
5, 261, 319
5, 262, 319
5, 263, 319
5, 264, 319
5, 265, 319
5, 266, 319
5, 267, 319
5, 268, 319
5, 269, 319
5, 270, 319
5, 271, 319
5, 272, 319
5, 273, 319
5, 274, 319
5, 275, 319
5, 276, 319
5, 277, 319
5, 278, 319
5, 279, 319
5, 280, 319
5, 281, 320
5, 280, 321
5, 279, 321
5, 278, 321
5, 277, 321
5, 276, 321
5, 275, 321
5, 274, 321
5, 273, 321
5, 272, 321
5, 271, 321
5, 270, 321
5, 269, 321
5, 268, 321
5, 267, 321
5, 266, 321
5, 265, 321
5, 264, 321
5, 263, 321
5, 262, 321
5, 261, 321
5, 260, 321
5, 259, 321
5, 258, 321
5, 257, 321
5, 256, 321
5, 255, 321
5, 254, 321
5, 253, 321
5, 252, 320
5, 252, 321
5, 253, 321
5, 254, 321
5, 255, 321
5, 256, 321
5, 257, 321
5, 258, 321
5, 259, 321
5, 260, 321
5, 261, 321
5, 262, 321
5, 263, 321
5, 264, 321
5, 265, 321
5, 266, 321
5, 267, 321
5, 268, 321
5, 269, 321
5, 270, 321
5, 271, 321
5, 272, 321
5, 273, 321
5, 274, 321
5, 275, 321
5, 276, 321
5, 277, 321
5, 278, 321
5, 279, 321
5, 280, 321
5, 281, 321
5, 282, 321
5, 283, 321
5, 284, 321
5, 285, 321
5, 286, 321
5, 287, 321
5, 288, 321
5, 289, 321
5, 290, 321
5, 291, 321
5, 292, 321
5, 293, 321
5, 294, 321
5, 295, 321
5, 296, 321
5, 297, 321
5, 298, 321
5, 299, 321
5, 300, 321
5, 301, 322
5, 302, 322
5, 303, 322
5, 304, 322
5, 305, 322
5, 306, 322
5, 307, 322
5, 308, 322
5, 309, 322
5, 310, 322
5, 311, 321
5, 312, 321
5, 313, 321
5, 314, 321
5, 315, 321
5, 316, 321
5, 317, 321
5, 318, 321
5, 319, 321
5, 320, 321
5, 321, 321
5, 322, 321
5, 323, 321
5, 324, 321
5, 325, 321
5, 326, 321
5, 327, 321
5, 328, 321
5, 329, 321
5, 330, 321
5, 331, 321
5, 332, 321
5, 333, 321
5, 334, 321
5, 335, 321
5, 336, 321
5, 337, 321
5, 337, 320
5, 338, 319
5, 339, 319
5, 340, 319
5, 341, 318
5, 342, 318
5, 343, 318
5, 344, 318
5, 345, 317
5, 346, 317
5, 347, 316
5, 348, 316
5, 349, 315
5, 350, 315
5, 351, 315
5, 352, 315
5, 353, 315
5, 354, 314
5, 355, 313
5, 356, 313
5, 357, 313
5, 358, 313
5, 359, 313
5, 360, 313
5, 361, 312
5, 362, 312
5, 363, 312
5, 364, 312
5, 365, 312
5, 366, 312
5, 367, 312
5, 368, 312
5, 369, 312
5, 370, 312
5, 371, 312
5, 372, 312
5, 373, 312
5, 374, 311
5, 375, 311
5, 376, 312
5, 375, 311
5, 374, 311
5, 373, 312
5, 372, 312
5, 371, 312
5, 370, 312
5, 369, 312
5, 368, 312
5, 367, 312
5, 366, 312
5, 365, 312
5, 364, 312
5, 363, 312
5, 362, 312
5, 361, 312
5, 360, 313
5, 359, 313
5, 358, 313
5, 357, 313
5, 356, 313
5, 355, 313
5, 354, 313
5, 353, 314
5, 352, 315
5, 351, 315
5, 350, 315
5, 349, 315
5, 348, 316
5, 347, 316
5, 346, 317
5, 345, 317
5, 344, 318
5, 343, 317
5, 343, 316
5, 344, 315
5, 345, 315
5, 346, 314
5, 347, 314
5, 348, 313
5, 349, 313
5, 350, 312
5, 351, 312
5, 352, 312
5, 353, 311
5, 354, 311
5, 355, 311
5, 356, 311
5, 357, 310
5, 358, 310
5, 359, 310
6, 372, 268
6, 373, 267
6, 374, 268
6, 375, 269
6, 375, 270
6, 375, 271
6, 375, 272
6, 375, 273
6, 375, 274
6, 376, 274
6, 377, 275
6, 378, 276
6, 378, 277
6, 379, 278
6, 380, 279
6, 381, 280
6, 382, 281
6, 382, 282
6, 383, 283
6, 382, 284
6, 382, 285
6, 382, 286
6, 383, 287
6, 384, 288
6, 385, 289
6, 385, 290
6, 386, 291
6, 386, 292
6, 387, 293
6, 387, 294
6, 388, 295
6, 388, 296
6, 389, 297
6, 390, 298
6, 391, 299
6, 392, 300
6, 393, 301
6, 393, 302
6, 394, 303
6, 395, 304
6, 395, 305
6, 395, 306
6, 396, 307
6, 396, 308
6, 395, 309
6, 394, 309
6, 393, 309
6, 392, 309
6, 391, 309
6, 390, 309
6, 389, 309
6, 388, 309
6, 387, 309
6, 386, 309
6, 385, 309
6, 384, 309
6, 383, 309
6, 382, 309
6, 381, 309
6, 380, 309
6, 379, 309
6, 378, 309
6, 377, 309
6, 376, 309
6, 375, 309
6, 374, 309
6, 373, 309
6, 372, 309
6, 371, 309
6, 370, 309
6, 369, 309
6, 368, 309
6, 367, 309
6, 366, 309
6, 365, 309
6, 364, 309
6, 363, 309
6, 362, 309
6, 361, 309
6, 360, 310
6, 359, 310
6, 358, 310
6, 357, 310
6, 356, 311
6, 355, 311
6, 354, 311
6, 353, 311
6, 352, 312
6, 351, 312
6, 350, 312
6, 349, 313
6, 348, 313
6, 347, 313
6, 346, 314
6, 345, 314
6, 344, 315
6, 343, 316
6, 342, 316
6, 341, 316
6, 340, 316
6, 339, 316
6, 338, 317
6, 337, 317
6, 336, 318
6, 335, 319
6, 334, 319
6, 333, 319
6, 332, 319
6, 331, 319
6, 330, 319
6, 329, 319
6, 328, 319
6, 327, 319
6, 326, 319
6, 325, 319
6, 324, 319
6, 323, 319
6, 322, 319
6, 321, 319
6, 320, 319
6, 319, 319
6, 318, 319
6, 317, 319
6, 316, 319
6, 315, 319
6, 314, 319
6, 313, 319
6, 312, 319
6, 311, 319
6, 310, 319
6, 309, 319
6, 308, 319
6, 307, 319
6, 306, 319
6, 305, 319
6, 304, 319
6, 303, 319
6, 302, 319
6, 301, 319
6, 300, 319
6, 299, 319
6, 298, 319
6, 297, 319
6, 296, 319
6, 295, 319
6, 294, 319
6, 293, 319
6, 292, 319
6, 291, 319
6, 290, 319
6, 289, 319
6, 288, 319
6, 287, 319
6, 286, 319
6, 285, 319
6, 284, 319
6, 283, 319
6, 282, 319
6, 281, 319
6, 280, 319
6, 279, 319
6, 278, 319
6, 277, 319
6, 276, 319
6, 275, 319
6, 274, 319
6, 273, 319
6, 272, 319
6, 271, 319
6, 270, 319
6, 269, 319
6, 268, 319
6, 267, 319
6, 266, 319
6, 265, 319
6, 264, 319
6, 263, 319
6, 262, 319
6, 261, 319
6, 260, 318
6, 259, 318
6, 258, 318
6, 257, 318
6, 256, 318
6, 255, 318
6, 254, 318
6, 253, 318
6, 252, 318
6, 251, 317
6, 250, 316
6, 250, 315
6, 250, 314
6, 250, 313
6, 250, 312
6, 250, 311
6, 250, 310
6, 250, 309
6, 250, 308
6, 250, 307
6, 250, 306
6, 250, 305
6, 250, 304
6, 250, 303
6, 250, 302
6, 250, 301
6, 250, 300
6, 250, 299
6, 250, 298
6, 250, 297
6, 250, 296
6, 250, 295
6, 250, 294
6, 250, 293
6, 250, 292
6, 251, 291
6, 252, 290
6, 253, 290
6, 254, 290
6, 255, 290
6, 256, 290
6, 257, 290
6, 258, 290
6, 259, 290
6, 260, 290
6, 261, 290
6, 262, 290
6, 263, 290
6, 264, 290
6, 265, 290
6, 266, 290
6, 267, 290
6, 268, 290
6, 269, 290
6, 270, 290
6, 271, 290
6, 272, 290
6, 273, 290
6, 274, 289
6, 275, 289
6, 276, 289
6, 277, 289
6, 278, 289
6, 279, 289
6, 280, 289
6, 281, 289
6, 282, 289
6, 283, 289
6, 284, 289
6, 285, 289
6, 286, 289
6, 287, 289
6, 288, 289
6, 289, 289
6, 290, 289
6, 291, 289
6, 292, 289
6, 293, 289
6, 294, 289
6, 295, 289
6, 296, 289
6, 297, 289
6, 298, 289
6, 299, 289
6, 300, 289
6, 301, 288
6, 302, 288
6, 303, 288
6, 304, 288
6, 305, 287
6, 306, 287
6, 307, 287
6, 308, 287
6, 309, 287
6, 310, 286
6, 311, 286
6, 312, 286
6, 313, 286
6, 314, 286
6, 315, 286
6, 316, 286
6, 316, 285
6, 316, 284
6, 317, 283
6, 318, 283
6, 319, 282
6, 320, 282
6, 321, 282
6, 322, 282
6, 323, 283
6, 322, 284
6, 321, 284
6, 320, 285
6, 319, 286
6, 320, 285
6, 321, 284
6, 322, 284
6, 323, 284
6, 324, 284
6, 325, 284
6, 326, 284
6, 327, 284
6, 328, 284
6, 329, 284
6, 330, 284
6, 331, 284
6, 332, 284
6, 333, 284
6, 334, 284
6, 335, 284
6, 336, 284
6, 337, 284
6, 338, 284
6, 339, 284
6, 340, 284
6, 341, 284
6, 342, 284
6, 343, 284
6, 344, 284
6, 345, 284
6, 346, 284
6, 347, 284
6, 348, 284
6, 349, 283
6, 350, 283
6, 351, 283
6, 352, 282
6, 353, 282
6, 354, 282
6, 355, 282
6, 356, 281
6, 357, 280
6, 358, 280
6, 359, 280
6, 360, 280
6, 361, 280
6, 362, 280
6, 363, 280
6, 364, 279
6, 365, 279
6, 366, 279
6, 367, 278
6, 368, 277
6, 369, 277
6, 370, 276
6, 371, 276
6, 372, 276
6, 373, 276
6, 374, 276
6, 375, 277
6, 376, 278
6, 376, 279
6, 377, 280
6, 378, 281
6, 379, 282
6, 380, 283
6, 380, 282
6, 379, 281
6, 378, 280
6, 377, 279
6, 376, 278
6, 376, 277
6, 375, 276
6, 374, 276
6, 373, 276
6, 372, 276
6, 371, 276
6, 370, 276
6, 369, 276
6, 368, 277
6, 367, 277
6, 366, 278
6, 365, 279
6, 364, 279
6, 363, 280
6, 362, 280
6, 361, 280
6, 360, 280
6, 359, 280
6, 358, 280
6, 357, 280
6, 356, 281
6, 355, 282
6, 354, 282
6, 353, 282
6, 352, 282
6, 351, 283
6, 350, 283
6, 349, 283
6, 348, 284
6, 347, 284
6, 346, 284
6, 345, 284
6, 344, 284
6, 343, 284
6, 342, 284
6, 341, 284
6, 340, 284
6, 339, 284
6, 338, 284
6, 337, 284
6, 336, 284
6, 335, 284
6, 334, 284
6, 333, 284
6, 332, 284
6, 331, 284
6, 330, 284
6, 329, 284
6, 328, 284
6, 327, 284
6, 326, 284
6, 325, 284
6, 324, 284
6, 323, 283
6, 324, 282
6, 325, 282
6, 326, 282
6, 327, 282
6, 328, 282
6, 329, 282
6, 330, 282
6, 331, 282
6, 332, 282
6, 333, 282
6, 334, 282
6, 335, 282
6, 336, 282
6, 337, 282
6, 338, 282
6, 339, 282
6, 340, 282
6, 341, 282
6, 342, 282
6, 343, 282
6, 344, 282
6, 345, 282
6, 346, 282
6, 347, 282
6, 348, 281
6, 349, 281
6, 350, 280
6, 351, 280
6, 352, 280
6, 353, 279
6, 354, 279
6, 355, 279
6, 356, 278
6, 357, 277
6, 358, 277
6, 359, 277
6, 360, 277
6, 361, 277
6, 362, 277
6, 363, 276
6, 364, 276
6, 365, 276
6, 366, 275
6, 367, 275
6, 368, 274
6, 369, 274
6, 370, 274
6, 371, 274
6, 372, 273
6, 372, 272
6, 372, 271
6, 372, 270
6, 371, 269
7, 325, 201
7, 326, 200
7, 327, 201
7, 328, 201
7, 329, 202
7, 330, 203
7, 331, 204
7, 332, 204
7, 333, 205
7, 334, 205
7, 335, 206
7, 336, 207
7, 337, 207
7, 338, 208
7, 339, 208
7, 340, 208
7, 341, 208
7, 342, 208
7, 343, 208
7, 344, 208
7, 345, 209
7, 346, 210
7, 347, 211
7, 348, 212
7, 349, 213
7, 350, 213
7, 351, 213
7, 352, 214
7, 353, 214
7, 354, 215
7, 355, 216
7, 356, 217
7, 356, 218
7, 357, 219
7, 357, 220
7, 357, 221
7, 358, 222
7, 359, 223
7, 358, 224
7, 357, 225
7, 356, 226
7, 356, 227
7, 355, 228
7, 354, 229
7, 353, 230
7, 353, 231
7, 352, 232
7, 351, 233
7, 351, 234
7, 350, 235
7, 349, 236
7, 348, 237
7, 347, 238
7, 347, 239
7, 346, 240
7, 345, 241
7, 345, 242
7, 345, 243
7, 344, 244
7, 344, 245
7, 343, 246
7, 343, 247
7, 342, 248
7, 342, 249
7, 341, 250
7, 341, 251
7, 341, 252
7, 341, 253
7, 341, 254
7, 342, 254
7, 343, 254
7, 344, 254
7, 345, 253
7, 346, 253
7, 347, 252
7, 348, 252
7, 349, 252
7, 350, 252
7, 351, 252
7, 352, 251
7, 353, 251
7, 354, 251
7, 355, 251
7, 356, 250
7, 357, 250
7, 358, 249
7, 359, 249
7, 360, 248
7, 361, 248
7, 362, 249
7, 362, 250
7, 362, 251
7, 363, 252
7, 363, 253
7, 363, 254
7, 364, 255
7, 364, 256
7, 365, 257
7, 366, 258
7, 366, 259
7, 366, 260
7, 366, 261
7, 366, 262
7, 366, 263
7, 366, 264
7, 367, 265
7, 367, 266
7, 368, 267
7, 369, 268
7, 370, 268
7, 371, 269
7, 371, 270
7, 372, 271
7, 372, 272
7, 371, 273
7, 370, 274
7, 369, 274
7, 368, 274
7, 367, 275
7, 366, 275
7, 365, 275
7, 364, 276
7, 363, 276
7, 362, 277
7, 361, 277
7, 360, 277
7, 359, 277
7, 358, 277
7, 357, 277
7, 356, 277
7, 355, 278
7, 354, 279
7, 353, 279
7, 352, 279
7, 351, 280
7, 350, 280
7, 349, 280
7, 348, 281
7, 347, 282
7, 346, 282
7, 345, 282
7, 344, 282
7, 343, 282
7, 342, 282
7, 341, 282
7, 340, 282
7, 339, 282
7, 338, 282
7, 337, 282
7, 336, 282
7, 335, 282
7, 334, 282
7, 333, 282
7, 332, 282
7, 331, 282
7, 330, 282
7, 329, 282
7, 328, 282
7, 327, 282
7, 326, 282
7, 325, 282
7, 324, 282
7, 323, 282
7, 322, 282
7, 321, 282
7, 320, 282
7, 319, 282
7, 318, 283
7, 317, 283
7, 316, 283
7, 315, 283
7, 314, 283
7, 313, 283
7, 312, 283
7, 311, 283
7, 310, 283
7, 309, 284
7, 308, 284
7, 307, 284
7, 306, 284
7, 305, 285
7, 304, 285
7, 303, 285
7, 302, 286
7, 301, 286
7, 300, 286
7, 299, 286
7, 298, 286
7, 297, 286
7, 296, 286
7, 295, 286
7, 294, 286
7, 293, 287
7, 292, 287
7, 291, 287
7, 290, 287
7, 289, 287
7, 288, 287
7, 287, 287
7, 286, 287
7, 285, 287
7, 284, 287
7, 283, 287
7, 282, 287
7, 281, 287
7, 280, 287
7, 279, 287
7, 278, 287
7, 277, 287
7, 276, 287
7, 275, 287
7, 274, 287
7, 273, 287
7, 272, 287
7, 271, 287
7, 270, 287
7, 269, 287
7, 268, 287
7, 267, 287
7, 266, 287
7, 265, 287
7, 264, 287
7, 263, 287
7, 262, 287
7, 261, 287
7, 260, 287
7, 259, 287
7, 258, 287
7, 257, 287
7, 256, 287
7, 255, 287
7, 254, 287
7, 253, 287
7, 252, 288
7, 251, 288
7, 250, 287
7, 250, 286
7, 250, 285
7, 250, 284
7, 250, 283
7, 250, 282
7, 250, 281
7, 250, 280
7, 250, 279
7, 250, 278
7, 250, 277
7, 250, 276
7, 250, 275
7, 250, 274
7, 250, 273
7, 250, 272
7, 250, 271
7, 250, 270
7, 250, 269
7, 250, 268
7, 250, 267
7, 250, 266
7, 250, 265
7, 250, 264
7, 250, 263
7, 250, 262
7, 250, 261
7, 250, 260
7, 250, 259
7, 250, 258
7, 250, 257
7, 250, 256
7, 250, 255
7, 250, 254
7, 250, 253
7, 250, 252
7, 250, 251
7, 250, 250
7, 250, 249
7, 250, 248
7, 250, 247
7, 250, 246
7, 250, 245
7, 250, 244
7, 250, 243
7, 250, 242
7, 250, 241
7, 250, 240
7, 250, 239
7, 250, 238
7, 250, 237
7, 250, 236
7, 250, 235
7, 250, 234
7, 250, 233
7, 250, 232
7, 250, 231
7, 250, 230
7, 250, 229
7, 250, 228
7, 250, 227
7, 250, 226
7, 250, 225
7, 250, 224
7, 250, 223
7, 250, 222
7, 250, 221
7, 250, 220
7, 250, 219
7, 250, 218
7, 250, 217
7, 250, 216
7, 250, 215
7, 250, 214
7, 250, 213
7, 250, 212
7, 250, 211
7, 250, 210
7, 250, 209
7, 250, 208
7, 250, 207
7, 250, 206
7, 250, 205
7, 250, 204
7, 251, 203
7, 252, 203
7, 253, 203
7, 254, 202
7, 255, 202
7, 256, 202
7, 257, 202
7, 258, 202
7, 259, 202
7, 260, 202
7, 261, 202
7, 262, 202
7, 263, 202
7, 264, 202
7, 265, 202
7, 266, 202
7, 267, 202
7, 268, 202
7, 269, 202
7, 270, 202
7, 271, 202
7, 272, 202
7, 273, 202
7, 274, 202
7, 275, 202
7, 276, 202
7, 277, 202
7, 278, 202
7, 279, 202
7, 280, 202
7, 281, 202
7, 282, 202
7, 283, 202
7, 284, 202
7, 285, 202
7, 286, 202
7, 287, 202
7, 288, 202
7, 289, 202
7, 290, 202
7, 291, 202
7, 292, 201
7, 293, 201
7, 294, 201
7, 295, 202
7, 296, 202
7, 297, 202
7, 298, 202
7, 299, 202
7, 300, 202
7, 301, 202
7, 302, 202
7, 303, 202
7, 304, 202
7, 305, 202
7, 306, 202
7, 307, 202
7, 308, 202
7, 309, 202
7, 310, 202
7, 311, 202
7, 312, 202
7, 313, 202
7, 314, 202
7, 315, 202
7, 316, 202
7, 317, 202
7, 318, 202
7, 319, 202
7, 320, 201
7, 321, 201
7, 322, 201
7, 323, 201
7, 324, 201
8, 321, 199
8, 322, 198
8, 323, 198
8, 324, 198
8, 325, 198
8, 326, 198
8, 327, 199
8, 326, 200
8, 325, 201
8, 324, 201
8, 323, 201
8, 322, 201
8, 321, 201
8, 320, 201
8, 319, 202
8, 318, 202
8, 317, 202
8, 316, 202
8, 315, 202
8, 314, 202
8, 313, 202
8, 312, 202
8, 311, 202
8, 310, 202
8, 309, 202
8, 308, 202
8, 307, 202
8, 306, 202
8, 305, 202
8, 304, 202
8, 303, 202
8, 302, 202
8, 301, 202
8, 300, 202
8, 299, 202
8, 298, 202
8, 297, 202
8, 296, 202
8, 295, 202
8, 294, 201
8, 293, 201
8, 292, 201
8, 291, 202
8, 290, 202
8, 289, 202
8, 288, 202
8, 287, 202
8, 286, 202
8, 285, 202
8, 284, 202
8, 283, 202
8, 282, 202
8, 281, 202
8, 280, 202
8, 279, 202
8, 278, 202
8, 277, 202
8, 276, 202
8, 275, 202
8, 274, 202
8, 273, 202
8, 272, 202
8, 271, 202
8, 270, 202
8, 269, 202
8, 268, 202
8, 267, 202
8, 266, 202
8, 265, 202
8, 264, 202
8, 263, 202
8, 262, 202
8, 261, 202
8, 260, 202
8, 259, 202
8, 258, 202
8, 257, 202
8, 256, 202
8, 255, 202
8, 254, 202
8, 253, 202
8, 252, 201
8, 253, 200
8, 254, 199
8, 255, 199
8, 256, 199
8, 257, 199
8, 258, 199
8, 259, 199
8, 260, 199
8, 261, 199
8, 262, 199
8, 263, 199
8, 264, 199
8, 265, 199
8, 266, 199
8, 267, 199
8, 268, 199
8, 269, 199
8, 270, 199
8, 271, 199
8, 272, 199
8, 273, 199
8, 274, 199
8, 275, 199
8, 276, 199
8, 277, 199
8, 278, 199
8, 279, 199
8, 280, 199
8, 281, 199
8, 282, 199
8, 283, 199
8, 284, 199
8, 285, 199
8, 286, 199
8, 287, 199
8, 288, 199
8, 289, 199
8, 290, 199
8, 291, 199
8, 292, 199
8, 293, 199
8, 294, 199
8, 295, 199
8, 296, 199
8, 297, 199
8, 298, 199
8, 299, 199
8, 300, 199
8, 301, 199
8, 302, 199
8, 303, 199
8, 304, 199
8, 305, 199
8, 306, 199
8, 307, 199
8, 308, 199
8, 309, 199
8, 310, 199
8, 311, 199
8, 312, 199
8, 313, 199
8, 314, 199
8, 315, 199
8, 316, 199
8, 317, 199
8, 318, 199
8, 319, 199
8, 320, 199
9, 256, 193
9, 257, 192
9, 258, 192
9, 259, 192
9, 260, 192
9, 261, 192
9, 262, 192
9, 263, 192
9, 264, 192
9, 265, 192
9, 266, 192
9, 267, 192
9, 268, 192
9, 269, 192
9, 270, 192
9, 271, 192
9, 272, 192
9, 273, 192
9, 274, 192
9, 275, 192
9, 276, 192
9, 277, 192
9, 278, 192
9, 279, 192
9, 280, 192
9, 281, 192
9, 282, 192
9, 283, 192
9, 284, 192
9, 285, 192
9, 286, 192
9, 287, 192
9, 288, 192
9, 289, 192
9, 290, 192
9, 291, 192
9, 292, 192
9, 293, 192
9, 294, 192
9, 295, 192
9, 296, 192
9, 297, 192
9, 298, 192
9, 299, 192
9, 300, 192
9, 301, 192
9, 302, 192
9, 303, 192
9, 304, 192
9, 305, 192
9, 306, 192
9, 307, 192
9, 308, 192
9, 309, 192
9, 310, 192
9, 311, 192
9, 312, 192
9, 313, 192
9, 314, 192
9, 315, 192
9, 316, 192
9, 317, 192
9, 318, 192
9, 319, 192
9, 320, 192
9, 321, 192
9, 322, 192
9, 323, 192
9, 324, 192
9, 325, 192
9, 326, 192
9, 327, 192
9, 328, 192
9, 329, 193
9, 329, 194
9, 328, 195
9, 328, 196
9, 327, 197
9, 326, 198
9, 325, 198
9, 324, 198
9, 323, 198
9, 322, 198
9, 321, 199
9, 320, 199
9, 319, 199
9, 318, 199
9, 317, 199
9, 316, 199
9, 315, 199
9, 314, 199
9, 313, 199
9, 312, 199
9, 311, 199
9, 310, 199
9, 309, 199
9, 308, 199
9, 307, 199
9, 306, 199
9, 305, 199
9, 304, 199
9, 303, 199
9, 302, 199
9, 301, 199
9, 300, 199
9, 299, 199
9, 298, 199
9, 297, 199
9, 296, 199
9, 295, 199
9, 294, 199
9, 293, 199
9, 292, 199
9, 291, 199
9, 290, 199
9, 289, 199
9, 288, 199
9, 287, 199
9, 286, 199
9, 285, 199
9, 284, 199
9, 283, 199
9, 282, 199
9, 281, 199
9, 280, 199
9, 279, 199
9, 278, 199
9, 277, 199
9, 276, 199
9, 275, 199
9, 274, 199
9, 273, 199
9, 272, 199
9, 271, 199
9, 270, 199
9, 269, 199
9, 268, 199
9, 267, 199
9, 266, 199
9, 265, 199
9, 264, 199
9, 263, 199
9, 262, 199
9, 261, 199
9, 260, 199
9, 259, 199
9, 258, 199
9, 257, 199
9, 256, 199
9, 255, 199
9, 254, 199
9, 253, 199
9, 253, 200
9, 252, 201
9, 251, 201
9, 250, 200
9, 250, 199
9, 250, 198
9, 250, 197
9, 250, 196
9, 250, 195
9, 250, 194
9, 251, 193
9, 252, 193
9, 253, 193
9, 254, 193
9, 255, 193
10, 360, 191
10, 361, 190
10, 362, 190
10, 363, 190
10, 364, 190
10, 365, 190
10, 366, 190
10, 367, 190
10, 368, 190
10, 369, 190
10, 370, 190
10, 371, 190
10, 372, 190
10, 373, 190
10, 374, 190
10, 375, 190
10, 376, 190
10, 377, 190
10, 378, 190
10, 379, 190
10, 380, 190
10, 381, 190
10, 382, 190
10, 383, 190
10, 384, 190
10, 385, 190
10, 386, 190
10, 387, 190
10, 388, 190
10, 389, 190
10, 390, 190
10, 391, 190
10, 392, 190
10, 393, 190
10, 394, 190
10, 395, 191
10, 394, 192
10, 393, 193
10, 392, 193
10, 391, 194
10, 390, 195
10, 389, 196
10, 388, 197
10, 387, 197
10, 386, 198
10, 385, 199
10, 384, 199
10, 384, 200
10, 383, 201
10, 382, 202
10, 381, 203
10, 380, 203
10, 380, 204
10, 379, 205
10, 378, 206
10, 377, 206
10, 376, 207
10, 375, 207
10, 374, 208
10, 373, 209
10, 372, 210
10, 371, 211
10, 370, 212
10, 369, 213
10, 368, 214
10, 367, 215
10, 366, 216
10, 365, 217
10, 364, 218
10, 363, 219
10, 362, 220
10, 362, 221
10, 361, 222
10, 360, 221
10, 360, 220
10, 360, 219
10, 359, 218
10, 359, 217
10, 359, 216
10, 359, 215
10, 358, 214
10, 357, 214
10, 356, 213
10, 355, 212
10, 354, 212
10, 353, 211
10, 352, 211
10, 351, 210
10, 350, 209
10, 349, 208
10, 348, 208
10, 347, 207
10, 346, 206
10, 345, 206
10, 344, 206
10, 343, 206
10, 342, 205
10, 341, 205
10, 340, 205
10, 339, 205
10, 338, 204
10, 337, 204
10, 336, 203
10, 335, 202
10, 334, 202
10, 333, 201
10, 332, 201
10, 331, 200
10, 331, 199
10, 330, 198
10, 330, 197
10, 331, 196
10, 331, 195
10, 331, 194
10, 331, 193
10, 332, 192
10, 333, 193
10, 334, 194
10, 334, 195
10, 335, 196
10, 336, 197
10, 337, 198
10, 338, 198
10, 339, 198
10, 340, 198
10, 341, 198
10, 342, 198
10, 343, 198
10, 344, 198
10, 345, 198
10, 346, 198
10, 347, 198
10, 348, 198
10, 349, 198
10, 350, 198
10, 351, 198
10, 352, 198
10, 353, 197
10, 354, 197
10, 355, 196
10, 356, 196
10, 357, 195
10, 358, 194
10, 358, 193
10, 359, 192
11, 258, 190
11, 259, 189
11, 260, 189
11, 261, 189
11, 262, 189
11, 263, 189
11, 264, 189
11, 265, 189
11, 266, 189
11, 267, 189
11, 268, 189
11, 269, 189
11, 270, 189
11, 271, 189
11, 272, 189
11, 273, 189
11, 274, 189
11, 275, 189
11, 276, 189
11, 277, 189
11, 278, 189
11, 279, 189
11, 280, 189
11, 281, 189
11, 282, 189
11, 283, 189
11, 284, 189
11, 285, 189
11, 286, 189
11, 287, 189
11, 288, 189
11, 289, 189
11, 290, 189
11, 291, 189
11, 292, 189
11, 293, 189
11, 294, 189
11, 295, 189
11, 296, 189
11, 297, 189
11, 298, 189
11, 299, 189
11, 300, 189
11, 301, 189
11, 302, 189
11, 303, 189
11, 304, 189
11, 305, 189
11, 306, 189
11, 307, 189
11, 308, 189
11, 309, 189
11, 310, 189
11, 311, 189
11, 312, 189
11, 313, 189
11, 314, 189
11, 315, 189
11, 316, 189
11, 317, 189
11, 318, 189
11, 319, 189
11, 320, 189
11, 321, 189
11, 322, 189
11, 323, 189
11, 324, 189
11, 325, 189
11, 326, 189
11, 327, 189
11, 328, 189
11, 329, 189
11, 330, 189
11, 331, 189
11, 332, 189
11, 333, 189
11, 334, 189
11, 335, 190
11, 336, 191
11, 336, 192
11, 336, 193
11, 337, 194
11, 338, 195
11, 337, 196
11, 336, 196
11, 335, 195
11, 334, 194
11, 334, 193
11, 333, 192
11, 332, 192
11, 331, 192
11, 331, 193
11, 331, 194
11, 331, 195
11, 331, 196
11, 330, 197
11, 330, 198
11, 330, 199
11, 331, 200
11, 332, 201
11, 333, 202
11, 334, 202
11, 335, 203
11, 336, 203
11, 337, 204
11, 338, 204
11, 339, 205
11, 340, 205
11, 341, 205
11, 342, 205
11, 343, 206
11, 344, 206
11, 345, 206
11, 346, 207
11, 347, 207
11, 348, 208
11, 349, 209
11, 350, 210
11, 351, 211
11, 352, 211
11, 353, 211
11, 354, 212
11, 355, 213
11, 356, 213
11, 357, 214
11, 358, 215
11, 359, 216
11, 359, 217
11, 359, 218
11, 360, 219
11, 360, 220
11, 360, 221
11, 361, 222
11, 360, 223
11, 359, 223
11, 358, 222
11, 357, 221
11, 357, 220
11, 357, 219
11, 357, 218
11, 356, 217
11, 356, 216
11, 355, 215
11, 354, 215
11, 353, 214
11, 352, 213
11, 351, 213
11, 350, 213
11, 349, 212
11, 348, 211
11, 347, 210
11, 346, 209
11, 345, 209
11, 344, 208
11, 343, 208
11, 342, 208
11, 341, 208
11, 340, 208
11, 339, 208
11, 338, 207
11, 337, 207
11, 336, 206
11, 335, 206
11, 334, 205
11, 333, 205
11, 332, 204
11, 331, 203
11, 330, 202
11, 329, 202
11, 328, 201
11, 327, 200
11, 327, 199
11, 327, 198
11, 328, 197
11, 328, 196
11, 329, 195
11, 329, 194
11, 329, 193
11, 329, 192
11, 328, 192
11, 327, 192
11, 326, 192
11, 325, 192
11, 324, 192
11, 323, 192
11, 322, 192
11, 321, 192
11, 320, 192
11, 319, 192
11, 318, 192
11, 317, 192
11, 316, 192
11, 315, 192
11, 314, 192
11, 313, 192
11, 312, 192
11, 311, 192
11, 310, 192
11, 309, 192
11, 308, 192
11, 307, 192
11, 306, 192
11, 305, 192
11, 304, 192
11, 303, 192
11, 302, 192
11, 301, 192
11, 300, 192
11, 299, 192
11, 298, 192
11, 297, 192
11, 296, 192
11, 295, 192
11, 294, 192
11, 293, 192
11, 292, 192
11, 291, 192
11, 290, 192
11, 289, 192
11, 288, 192
11, 287, 192
11, 286, 192
11, 285, 192
11, 284, 192
11, 283, 192
11, 282, 192
11, 281, 192
11, 280, 192
11, 279, 192
11, 278, 192
11, 277, 192
11, 276, 192
11, 275, 192
11, 274, 192
11, 273, 192
11, 272, 192
11, 271, 192
11, 270, 192
11, 269, 192
11, 268, 192
11, 267, 192
11, 266, 192
11, 265, 192
11, 264, 192
11, 263, 192
11, 262, 192
11, 261, 192
11, 260, 192
11, 259, 192
11, 258, 192
11, 257, 192
11, 256, 193
11, 255, 193
11, 254, 193
11, 253, 193
11, 252, 193
11, 251, 193
11, 250, 192
11, 250, 191
11, 251, 190
11, 252, 190
11, 253, 190
11, 254, 190
11, 255, 190
11, 256, 190
11, 257, 190
12, 252, 41
12, 253, 40
12, 254, 40
12, 255, 40
12, 256, 40
12, 257, 40
12, 258, 40
12, 259, 40
12, 260, 40
12, 261, 40
12, 262, 40
12, 263, 40
12, 264, 40
12, 265, 40
12, 266, 40
12, 267, 40
12, 268, 40
12, 269, 40
12, 270, 40
12, 271, 40
12, 272, 40
12, 273, 40
12, 274, 40
12, 275, 40
12, 276, 40
12, 277, 40
12, 278, 40
12, 279, 40
12, 280, 40
12, 281, 40
12, 282, 40
12, 283, 40
12, 284, 40
12, 285, 40
12, 286, 40
12, 287, 40
12, 288, 40
12, 289, 40
12, 290, 40
12, 291, 40
12, 292, 40
12, 293, 40
12, 294, 40
12, 295, 40
12, 296, 40
12, 297, 40
12, 298, 40
12, 299, 40
12, 300, 40
12, 301, 40
12, 302, 40
12, 303, 40
12, 304, 40
12, 305, 40
12, 306, 40
12, 307, 40
12, 308, 40
12, 309, 40
12, 310, 40
12, 311, 40
12, 312, 40
12, 313, 40
12, 314, 40
12, 315, 40
12, 316, 40
12, 317, 40
12, 318, 40
12, 319, 40
12, 320, 40
12, 321, 40
12, 322, 40
12, 323, 40
12, 324, 40
12, 325, 40
12, 326, 40
12, 327, 40
12, 328, 40
12, 329, 40
12, 330, 40
12, 331, 40
12, 332, 40
12, 333, 40
12, 334, 40
12, 335, 40
12, 336, 40
12, 337, 40
12, 338, 40
12, 339, 40
12, 340, 40
12, 341, 40
12, 342, 40
12, 343, 40
12, 344, 40
12, 345, 40
12, 346, 40
12, 347, 40
12, 348, 40
12, 349, 40
12, 350, 40
12, 351, 40
12, 352, 40
12, 353, 40
12, 354, 40
12, 355, 40
12, 356, 40
12, 357, 40
12, 358, 40
12, 359, 40
12, 360, 40
12, 361, 40
12, 362, 40
12, 363, 41
12, 363, 42
12, 363, 43
12, 363, 44
12, 363, 45
12, 363, 46
12, 363, 47
12, 363, 48
12, 363, 49
12, 363, 50
12, 363, 51
12, 363, 52
12, 363, 53
12, 363, 54
12, 363, 55
12, 363, 56
12, 363, 57
12, 363, 58
12, 363, 59
12, 363, 60
12, 364, 61
12, 364, 62
12, 364, 63
12, 364, 64
12, 364, 65
12, 364, 66
12, 365, 67
12, 366, 68
12, 366, 69
12, 366, 70
12, 366, 71
12, 366, 72
12, 366, 73
12, 366, 74
12, 366, 75
12, 366, 76
12, 366, 77
12, 367, 78
12, 367, 79
12, 367, 78
12, 366, 77
12, 366, 76
12, 367, 75
12, 368, 75
12, 369, 76
12, 369, 77
12, 369, 78
12, 370, 79
12, 370, 80
12, 370, 81
12, 370, 82
12, 370, 83
12, 371, 84
12, 371, 85
12, 372, 86
12, 372, 87
12, 373, 87
12, 374, 88
12, 375, 88
12, 376, 89
12, 377, 89
12, 378, 89
12, 379, 90
12, 380, 90
12, 381, 90
12, 382, 90
12, 383, 90
12, 384, 89
12, 385, 88
12, 385, 87
12, 386, 86
12, 387, 86
12, 388, 87
12, 388, 88
12, 387, 89
12, 386, 90
12, 385, 91
12, 384, 92
12, 383, 93
12, 382, 93
12, 381, 93
12, 380, 93
12, 379, 92
12, 378, 92
12, 377, 92
12, 376, 91
12, 375, 91
12, 374, 91
12, 373, 90
12, 372, 90
12, 371, 90
12, 370, 91
12, 369, 91
12, 368, 92
12, 367, 93
12, 366, 93
12, 365, 94
12, 364, 94
12, 363, 95
12, 362, 95
12, 361, 95
12, 360, 95
12, 359, 96
12, 358, 96
12, 357, 96
12, 356, 96
12, 355, 97
12, 354, 98
12, 353, 98
12, 352, 98
12, 351, 98
12, 350, 98
12, 349, 98
12, 348, 98
12, 347, 99
12, 346, 99
12, 345, 99
12, 344, 99
12, 343, 100
12, 342, 100
12, 341, 100
12, 340, 100
12, 339, 100
12, 338, 100
12, 337, 100
12, 336, 99
12, 335, 99
12, 334, 99
12, 333, 98
12, 332, 98
12, 331, 98
12, 330, 98
12, 329, 97
12, 328, 98
12, 327, 98
12, 326, 97
12, 325, 96
12, 324, 96
12, 323, 96
12, 322, 96
12, 321, 95
12, 320, 94
12, 319, 94
12, 318, 94
12, 317, 94
12, 316, 93
12, 315, 93
12, 314, 93
12, 313, 93
12, 312, 93
12, 311, 93
12, 310, 93
12, 309, 93
12, 308, 93
12, 307, 94
12, 306, 94
12, 305, 95
12, 304, 96
12, 303, 97
12, 302, 96
12, 302, 95
12, 302, 94
12, 303, 93
12, 304, 92
12, 305, 92
12, 306, 92
12, 307, 91
12, 308, 91
12, 309, 91
12, 310, 91
12, 311, 91
12, 312, 91
12, 313, 91
12, 314, 91
12, 315, 91
12, 316, 91
12, 317, 91
12, 318, 91
12, 319, 91
12, 320, 92
12, 321, 92
12, 322, 93
12, 323, 94
12, 324, 94
12, 325, 94
12, 326, 94
12, 327, 94
12, 328, 94
12, 329, 95
12, 330, 95
12, 331, 95
12, 332, 95
12, 333, 96
12, 334, 96
12, 335, 97
12, 336, 97
12, 337, 97
12, 338, 97
12, 339, 97
12, 340, 97
12, 341, 97
12, 342, 97
12, 343, 97
12, 344, 97
12, 345, 97
12, 346, 96
12, 347, 96
12, 348, 96
12, 349, 96
12, 350, 96
12, 351, 95
12, 352, 95
12, 353, 95
12, 354, 95
12, 355, 94
12, 356, 94
12, 357, 94
12, 358, 94
12, 359, 93
12, 360, 92
12, 361, 92
12, 362, 92
12, 363, 92
12, 364, 92
12, 365, 91
12, 366, 91
12, 367, 90
12, 368, 89
12, 369, 89
12, 370, 88
12, 369, 87
12, 369, 86
12, 369, 85
12, 368, 84
12, 368, 83
12, 368, 82
12, 368, 81
12, 368, 82
12, 368, 83
12, 368, 84
12, 368, 85
12, 369, 86
12, 369, 87
12, 369, 88
12, 368, 89
12, 367, 89
12, 366, 90
12, 365, 91
12, 364, 92
12, 363, 92
12, 362, 92
12, 361, 92
12, 360, 92
12, 359, 93
12, 358, 93
12, 357, 94
12, 356, 94
12, 355, 94
12, 354, 95
12, 353, 95
12, 352, 95
12, 351, 95
12, 350, 96
12, 349, 96
12, 348, 96
12, 347, 96
12, 346, 96
12, 345, 97
12, 344, 97
12, 343, 97
12, 342, 97
12, 341, 97
12, 340, 97
12, 339, 97
12, 338, 97
12, 337, 97
12, 336, 97
12, 335, 96
12, 334, 96
12, 333, 96
12, 332, 95
12, 331, 95
12, 330, 95
12, 329, 95
12, 328, 94
12, 327, 94
12, 326, 94
12, 325, 94
12, 324, 94
12, 323, 93
12, 322, 92
12, 321, 92
12, 320, 91
12, 319, 91
12, 318, 91
12, 317, 91
12, 316, 91
12, 315, 91
12, 314, 91
12, 313, 91
12, 312, 91
12, 311, 91
12, 310, 91
12, 309, 91
12, 308, 91
12, 307, 91
12, 306, 92
12, 305, 92
12, 304, 92
12, 303, 92
12, 302, 93
12, 302, 94
12, 301, 95
12, 300, 95
12, 299, 96
12, 298, 96
12, 297, 97
12, 296, 97
12, 295, 97
12, 294, 97
12, 293, 97
12, 292, 97
12, 291, 97
12, 290, 97
12, 289, 97
12, 288, 97
12, 287, 97
12, 286, 97
12, 285, 97
12, 284, 97
12, 283, 97
12, 282, 97
12, 281, 97
12, 280, 97
12, 279, 97
12, 278, 97
12, 277, 96
12, 278, 97
12, 279, 97
12, 280, 97
12, 281, 97
12, 282, 97
12, 283, 97
12, 284, 97
12, 285, 97
12, 286, 97
12, 287, 97
12, 288, 97
12, 289, 97
12, 290, 97
12, 291, 97
12, 292, 97
12, 293, 97
12, 294, 97
12, 295, 97
12, 296, 97
12, 297, 97
12, 298, 97
12, 299, 96
12, 300, 95
12, 301, 95
12, 302, 96
12, 303, 97
12, 302, 98
12, 301, 98
12, 300, 99
12, 299, 99
12, 298, 99
12, 297, 99
12, 296, 100
12, 295, 100
12, 294, 100
12, 293, 100
12, 292, 100
12, 291, 100
12, 290, 100
12, 289, 99
12, 288, 100
12, 287, 100
12, 286, 100
12, 285, 99
12, 284, 99
12, 283, 99
12, 282, 99
12, 281, 99
12, 280, 99
12, 279, 99
12, 278, 99
12, 277, 99
12, 276, 98
12, 275, 97
12, 275, 98
12, 276, 99
12, 277, 99
12, 278, 99
12, 279, 99
12, 280, 99
12, 281, 99
12, 282, 99
12, 283, 99
12, 284, 99
12, 285, 99
12, 286, 100
12, 287, 100
12, 288, 100
12, 289, 99
12, 290, 100
12, 291, 100
12, 292, 100
12, 293, 100
12, 294, 100
12, 295, 100
12, 296, 100
12, 297, 99
12, 298, 99
12, 299, 99
12, 300, 99
12, 301, 98
12, 302, 98
12, 303, 98
12, 304, 97
12, 305, 96
12, 306, 95
12, 307, 94
12, 308, 94
12, 309, 93
12, 310, 93
12, 311, 93
12, 312, 93
12, 313, 93
12, 314, 93
12, 315, 93
12, 316, 93
12, 317, 94
12, 318, 94
12, 319, 94
12, 320, 95
12, 321, 95
12, 322, 96
12, 323, 96
12, 324, 96
12, 325, 97
12, 326, 97
12, 327, 98
12, 328, 98
12, 329, 98
12, 330, 98
12, 331, 98
12, 332, 98
12, 333, 98
12, 334, 99
12, 335, 99
12, 336, 100
12, 337, 100
12, 338, 100
12, 339, 100
12, 340, 100
12, 341, 100
12, 342, 100
12, 343, 100
12, 344, 99
12, 345, 99
12, 346, 99
12, 347, 99
12, 348, 98
12, 349, 98
12, 350, 98
12, 351, 98
12, 352, 98
12, 353, 98
12, 354, 98
12, 355, 98
12, 356, 97
12, 357, 96
12, 358, 96
12, 359, 96
12, 360, 95
12, 361, 95
12, 362, 95
12, 363, 95
12, 364, 95
12, 365, 94
12, 366, 94
12, 367, 93
12, 368, 93
12, 369, 92
12, 370, 91
12, 371, 90
12, 372, 90
12, 373, 90
12, 374, 91
12, 375, 91
12, 376, 91
12, 377, 92
12, 378, 92
12, 379, 92
12, 380, 93
12, 381, 93
12, 382, 93
12, 383, 93
12, 384, 92
12, 385, 92
12, 386, 91
12, 386, 90
12, 387, 89
12, 388, 89
12, 389, 89
12, 390, 90
12, 391, 91
12, 392, 92
12, 393, 93
12, 394, 93
12, 395, 94
12, 395, 95
12, 395, 96
12, 396, 97
12, 396, 98
12, 397, 99
12, 398, 100
12, 398, 101
12, 399, 101
12, 400, 102
12, 401, 102
12, 402, 103
12, 403, 104
12, 403, 105
12, 404, 106
12, 404, 107
12, 404, 108
12, 404, 109
12, 404, 110
12, 404, 111
12, 404, 112
12, 404, 113
12, 404, 114
12, 404, 115
12, 404, 116
12, 404, 117
12, 404, 118
12, 404, 119
12, 404, 120
12, 404, 121
12, 404, 122
12, 403, 123
12, 403, 124
12, 403, 125
12, 403, 126
12, 403, 127
12, 403, 128
12, 403, 129
12, 403, 130
12, 403, 131
12, 403, 132
12, 403, 133
12, 403, 134
12, 403, 135
12, 403, 136
12, 403, 137
12, 403, 138
12, 404, 139
12, 404, 140
12, 404, 141
12, 404, 142
12, 404, 143
12, 404, 144
12, 404, 145
12, 405, 146
12, 405, 147
12, 405, 148
12, 405, 149
12, 405, 150
12, 406, 151
12, 406, 152
12, 406, 153
12, 406, 154
12, 406, 155
12, 406, 156
12, 406, 157
12, 406, 158
12, 406, 159
12, 407, 160
12, 407, 161
12, 407, 162
12, 408, 163
12, 408, 164
12, 408, 165
12, 408, 166
12, 408, 167
12, 408, 168
12, 409, 169
12, 409, 170
12, 409, 171
12, 409, 172
12, 409, 173
12, 409, 174
12, 409, 175
12, 409, 176
12, 410, 177
12, 410, 178
12, 410, 179
12, 410, 180
12, 410, 181
12, 409, 182
12, 408, 182
12, 407, 183
12, 406, 183
12, 405, 184
12, 404, 185
12, 403, 185
12, 402, 186
12, 401, 187
12, 400, 188
12, 399, 188
12, 398, 188
12, 397, 188
12, 396, 188
12, 395, 188
12, 394, 188
12, 393, 188
12, 392, 188
12, 391, 188
12, 390, 188
12, 389, 188
12, 388, 187
12, 387, 187
12, 386, 187
12, 385, 188
12, 384, 188
12, 383, 188
12, 382, 188
12, 381, 188
12, 380, 188
12, 379, 188
12, 378, 188
12, 377, 188
12, 376, 188
12, 375, 188
12, 374, 188
12, 373, 188
12, 372, 188
12, 371, 188
12, 370, 188
12, 369, 188
12, 368, 188
12, 367, 188
12, 366, 188
12, 365, 188
12, 364, 188
12, 363, 188
12, 362, 188
12, 361, 188
12, 360, 188
12, 359, 189
12, 358, 189
12, 357, 189
12, 356, 189
12, 356, 190
12, 356, 191
12, 355, 192
12, 354, 193
12, 353, 194
12, 352, 195
12, 351, 195
12, 350, 196
12, 349, 196
12, 348, 196
12, 347, 196
12, 346, 196
12, 345, 196
12, 344, 196
12, 343, 196
12, 342, 196
12, 341, 196
12, 340, 196
12, 339, 196
12, 338, 195
12, 337, 194
12, 336, 193
12, 336, 192
12, 336, 191
12, 335, 190
12, 335, 189
12, 334, 189
12, 333, 189
12, 332, 189
12, 331, 189
12, 330, 189
12, 329, 189
12, 328, 189
12, 327, 189
12, 326, 189
12, 325, 189
12, 324, 189
12, 323, 189
12, 322, 189
12, 321, 189
12, 320, 189
12, 319, 189
12, 318, 189
12, 317, 189
12, 316, 189
12, 315, 189
12, 314, 189
12, 313, 189
12, 312, 189
12, 311, 189
12, 310, 189
12, 309, 189
12, 308, 189
12, 307, 189
12, 306, 189
12, 305, 189
12, 304, 189
12, 303, 189
12, 302, 189
12, 301, 189
12, 300, 189
12, 299, 189
12, 298, 189
12, 297, 189
12, 296, 189
12, 295, 189
12, 294, 189
12, 293, 189
12, 292, 189
12, 291, 189
12, 290, 189
12, 289, 189
12, 288, 189
12, 287, 189
12, 286, 189
12, 285, 189
12, 284, 189
12, 283, 189
12, 282, 189
12, 281, 189
12, 280, 189
12, 279, 189
12, 278, 189
12, 277, 189
12, 276, 189
12, 275, 189
12, 274, 189
12, 273, 189
12, 272, 189
12, 271, 189
12, 270, 189
12, 269, 189
12, 268, 189
12, 267, 189
12, 266, 189
12, 265, 189
12, 264, 189
12, 263, 189
12, 262, 189
12, 261, 189
12, 260, 189
12, 259, 189
12, 258, 190
12, 257, 190
12, 256, 190
12, 255, 190
12, 254, 190
12, 253, 190
12, 252, 190
12, 251, 190
12, 250, 189
12, 250, 188
12, 250, 187
12, 250, 186
12, 250, 185
12, 250, 184
12, 250, 183
12, 250, 182
12, 250, 181
12, 250, 180
12, 250, 179
12, 250, 178
12, 250, 177
12, 250, 176
12, 250, 175
12, 250, 174
12, 250, 173
12, 250, 172
12, 250, 171
12, 250, 170
12, 250, 169
12, 250, 168
12, 250, 167
12, 250, 166
12, 250, 165
12, 250, 164
12, 250, 163
12, 250, 162
12, 250, 161
12, 250, 160
12, 250, 159
12, 250, 158
12, 250, 157
12, 250, 156
12, 250, 155
12, 250, 154
12, 250, 153
12, 250, 152
12, 250, 151
12, 250, 150
12, 250, 149
12, 250, 148
12, 250, 147
12, 250, 146
12, 250, 145
12, 250, 144
12, 250, 143
12, 250, 142
12, 250, 141
12, 250, 140
12, 250, 139
12, 250, 138
12, 250, 137
12, 250, 136
12, 250, 135
12, 250, 134
12, 250, 133
12, 250, 132
12, 250, 131
12, 250, 130
12, 250, 129
12, 250, 128
12, 250, 127
12, 250, 126
12, 250, 125
12, 250, 124
12, 250, 123
12, 250, 122
12, 250, 121
12, 250, 120
12, 250, 119
12, 250, 118
12, 250, 117
12, 250, 116
12, 250, 115
12, 250, 114
12, 250, 113
12, 250, 112
12, 250, 111
12, 250, 110
12, 250, 109
12, 250, 108
12, 250, 107
12, 250, 106
12, 250, 105
12, 250, 104
12, 251, 103
12, 252, 102
12, 253, 102
12, 254, 102
12, 255, 101
12, 256, 101
12, 257, 101
12, 258, 100
12, 259, 99
12, 260, 99
12, 261, 98
12, 262, 97
12, 263, 96
12, 264, 96
12, 265, 96
12, 266, 95
12, 267, 95
12, 268, 95
12, 269, 95
12, 270, 95
12, 271, 95
12, 272, 96
12, 273, 96
12, 273, 95
12, 274, 94
12, 273, 93
12, 272, 93
12, 271, 92
12, 270, 92
12, 269, 92
12, 268, 92
12, 267, 92
12, 266, 92
12, 265, 92
12, 264, 93
12, 263, 93
12, 262, 94
12, 261, 94
12, 260, 95
12, 259, 95
12, 258, 96
12, 257, 96
12, 256, 97
12, 255, 97
12, 254, 98
12, 253, 98
12, 252, 99
12, 251, 98
12, 250, 97
12, 250, 96
12, 250, 95
12, 250, 94
12, 250, 93
12, 250, 92
12, 250, 91
12, 250, 90
12, 250, 89
12, 250, 88
12, 250, 87
12, 251, 86
12, 251, 85
12, 251, 84
12, 251, 83
12, 251, 82
12, 251, 81
12, 251, 80
12, 251, 79
12, 251, 78
12, 251, 77
12, 251, 76
12, 251, 75
12, 251, 74
12, 251, 73
12, 251, 72
12, 251, 71
12, 251, 70
12, 251, 69
12, 251, 68
12, 251, 67
12, 251, 66
12, 251, 65
12, 251, 64
12, 251, 63
12, 251, 62
12, 251, 61
12, 251, 60
12, 251, 59
12, 251, 58
12, 251, 57
12, 251, 56
12, 251, 55
12, 251, 54
12, 251, 53
12, 251, 52
12, 251, 51
12, 251, 50
12, 251, 49
12, 251, 48
12, 251, 47
12, 251, 46
12, 251, 45
12, 251, 44
12, 251, 43
12, 251, 42
13, 250, 38
13, 251, 37
13, 252, 37
13, 253, 37
13, 254, 37
13, 255, 37
13, 256, 37
13, 257, 37
13, 258, 37
13, 259, 37
13, 260, 37
13, 261, 37
13, 262, 37
13, 263, 37
13, 264, 37
13, 265, 37
13, 266, 37
13, 267, 37
13, 268, 37
13, 269, 37
13, 270, 37
13, 271, 37
13, 272, 37
13, 273, 37
13, 274, 37
13, 275, 37
13, 276, 37
13, 277, 37
13, 278, 37
13, 279, 37
13, 280, 37
13, 281, 37
13, 282, 37
13, 283, 37
13, 284, 37
13, 285, 37
13, 286, 37
13, 287, 37
13, 288, 37
13, 289, 37
13, 290, 37
13, 291, 37
13, 292, 37
13, 293, 37
13, 294, 37
13, 295, 37
13, 296, 37
13, 297, 37
13, 298, 37
13, 299, 37
13, 300, 37
13, 301, 37
13, 302, 37
13, 303, 37
13, 304, 37
13, 305, 37
13, 306, 37
13, 307, 37
13, 308, 37
13, 309, 37
13, 310, 37
13, 311, 37
13, 312, 37
13, 313, 37
13, 314, 37
13, 315, 37
13, 316, 37
13, 317, 37
13, 318, 37
13, 319, 37
13, 320, 37
13, 321, 37
13, 322, 37
13, 323, 37
13, 324, 37
13, 325, 37
13, 326, 37
13, 327, 37
13, 328, 37
13, 329, 37
13, 330, 37
13, 331, 37
13, 332, 37
13, 333, 37
13, 334, 37
13, 335, 37
13, 336, 37
13, 337, 37
13, 338, 37
13, 339, 37
13, 340, 37
13, 341, 37
13, 342, 37
13, 343, 37
13, 344, 37
13, 345, 37
13, 346, 37
13, 347, 37
13, 348, 37
13, 349, 37
13, 350, 37
13, 351, 37
13, 352, 37
13, 353, 37
13, 354, 37
13, 355, 37
13, 356, 37
13, 357, 37
13, 358, 37
13, 359, 37
13, 360, 37
13, 361, 37
13, 362, 37
13, 363, 37
13, 364, 37
13, 365, 38
13, 365, 39
13, 365, 40
13, 366, 41
13, 365, 42
13, 364, 43
13, 363, 42
13, 363, 41
13, 363, 40
13, 362, 40
13, 361, 40
13, 360, 40
13, 359, 40
13, 358, 40
13, 357, 40
13, 356, 40
13, 355, 40
13, 354, 40
13, 353, 40
13, 352, 40
13, 351, 40
13, 350, 40
13, 349, 40
13, 348, 40
13, 347, 40
13, 346, 40
13, 345, 40
13, 344, 40
13, 343, 40
13, 342, 40
13, 341, 40
13, 340, 40
13, 339, 40
13, 338, 40
13, 337, 40
13, 336, 40
13, 335, 40
13, 334, 40
13, 333, 40
13, 332, 40
13, 331, 40
13, 330, 40
13, 329, 40
13, 328, 40
13, 327, 40
13, 326, 40
13, 325, 40
13, 324, 40
13, 323, 40
13, 322, 40
13, 321, 40
13, 320, 40
13, 319, 40
13, 318, 40
13, 317, 40
13, 316, 40
13, 315, 40
13, 314, 40
13, 313, 40
13, 312, 40
13, 311, 40
13, 310, 40
13, 309, 40
13, 308, 40
13, 307, 40
13, 306, 40
13, 305, 40
13, 304, 40
13, 303, 40
13, 302, 40
13, 301, 40
13, 300, 40
13, 299, 40
13, 298, 40
13, 297, 40
13, 296, 40
13, 295, 40
13, 294, 40
13, 293, 40
13, 292, 40
13, 291, 40
13, 290, 40
13, 289, 40
13, 288, 40
13, 287, 40
13, 286, 40
13, 285, 40
13, 284, 40
13, 283, 40
13, 282, 40
13, 281, 40
13, 280, 40
13, 279, 40
13, 278, 40
13, 277, 40
13, 276, 40
13, 275, 40
13, 274, 40
13, 273, 40
13, 272, 40
13, 271, 40
13, 270, 40
13, 269, 40
13, 268, 40
13, 267, 40
13, 266, 40
13, 265, 40
13, 264, 40
13, 263, 40
13, 262, 40
13, 261, 40
13, 260, 40
13, 259, 40
13, 258, 40
13, 257, 40
13, 256, 40
13, 255, 40
13, 254, 40
13, 253, 40
13, 252, 40
13, 251, 41
13, 251, 42
13, 251, 43
13, 251, 44
13, 251, 45
13, 251, 46
13, 251, 47
13, 251, 48
13, 251, 49
13, 251, 50
13, 251, 51
13, 251, 52
13, 251, 53
13, 251, 54
13, 251, 55
13, 251, 56
13, 251, 57
13, 251, 58
13, 251, 59
13, 251, 60
13, 251, 61
13, 251, 62
13, 251, 63
13, 251, 64
13, 251, 65
13, 251, 66
13, 251, 67
13, 251, 68
13, 251, 69
13, 251, 70
13, 251, 71
13, 251, 72
13, 251, 73
13, 251, 74
13, 251, 75
13, 251, 76
13, 251, 77
13, 251, 78
13, 251, 79
13, 251, 80
13, 251, 81
13, 251, 82
13, 251, 83
13, 251, 84
13, 251, 85
13, 251, 86
13, 250, 87
13, 250, 88
13, 250, 89
13, 250, 90
13, 250, 91
13, 250, 92
13, 250, 93
13, 250, 94
13, 250, 95
13, 250, 96
13, 250, 97
13, 251, 98
13, 250, 99
13, 250, 100
13, 251, 99
13, 252, 99
13, 253, 99
13, 254, 98
13, 255, 98
13, 256, 97
13, 257, 97
13, 258, 96
13, 259, 95
13, 260, 95
13, 261, 94
13, 262, 94
13, 263, 94
13, 264, 93
13, 265, 92
13, 266, 92
13, 267, 92
13, 268, 92
13, 269, 92
13, 270, 92
13, 271, 92
13, 272, 93
13, 273, 94
13, 273, 95
13, 272, 96
13, 271, 95
13, 270, 95
13, 269, 95
13, 268, 95
13, 267, 95
13, 266, 95
13, 265, 96
13, 264, 96
13, 263, 96
13, 262, 97
13, 261, 97
13, 260, 98
13, 259, 99
13, 258, 99
13, 257, 100
13, 256, 101
13, 255, 101
13, 254, 102
13, 253, 102
13, 252, 102
13, 251, 102
13, 251, 103
13, 250, 104
13, 250, 105
13, 250, 106
13, 250, 107
13, 250, 108
13, 250, 109
13, 250, 110
13, 250, 111
13, 250, 112
13, 250, 113
13, 250, 114
13, 250, 115
13, 250, 116
13, 250, 117
13, 250, 118
13, 250, 119
13, 250, 120
13, 250, 121
13, 250, 122
13, 250, 123
13, 250, 124
13, 250, 125
13, 250, 126
13, 250, 127
13, 250, 128
13, 250, 129
13, 250, 130
13, 250, 131
13, 250, 132
13, 250, 133
13, 250, 134
13, 250, 135
13, 250, 136
13, 250, 137
13, 250, 138
13, 250, 139
13, 250, 140
13, 250, 141
13, 250, 142
13, 250, 143
13, 250, 144
13, 250, 145
13, 250, 146
13, 250, 147
13, 250, 148
13, 250, 149
13, 250, 150
13, 250, 151
13, 250, 152
13, 250, 153
13, 250, 154
13, 250, 155
13, 250, 156
13, 250, 157
13, 250, 158
13, 250, 159
13, 250, 160
13, 250, 161
13, 250, 162
13, 250, 163
13, 250, 164
13, 250, 165
13, 250, 166
13, 250, 167
13, 250, 168
13, 250, 169
13, 250, 170
13, 250, 171
13, 250, 172
13, 250, 173
13, 250, 174
13, 250, 175
13, 250, 176
13, 250, 177
13, 250, 178
13, 250, 179
13, 250, 180
13, 250, 181
13, 250, 182
13, 250, 183
13, 250, 184
13, 250, 185
13, 250, 186
13, 250, 187
13, 250, 188
13, 250, 189
13, 251, 190
13, 250, 191
13, 250, 192
13, 250, 193
13, 250, 194
13, 250, 195
13, 250, 196
13, 250, 197
13, 250, 198
13, 250, 199
13, 250, 200
13, 250, 201
13, 251, 201
13, 252, 201
13, 253, 202
13, 252, 203
13, 251, 203
13, 250, 203
13, 250, 204
13, 250, 205
13, 250, 206
13, 250, 207
13, 250, 208
13, 250, 209
13, 250, 210
13, 250, 211
13, 250, 212
13, 250, 213
13, 250, 214
13, 250, 215
13, 250, 216
13, 250, 217
13, 250, 218
13, 250, 219
13, 250, 220
13, 250, 221
13, 250, 222
13, 250, 223
13, 250, 224
13, 250, 225
13, 250, 226
13, 250, 227
13, 250, 228
13, 250, 229
13, 250, 230
13, 250, 231
13, 250, 232
13, 250, 233
13, 250, 234
13, 250, 235
13, 250, 236
13, 250, 237
13, 250, 238
13, 250, 239
13, 250, 240
13, 250, 241
13, 250, 242
13, 250, 243
13, 250, 244
13, 250, 245
13, 250, 246
13, 250, 247
13, 250, 248
13, 250, 249
13, 250, 250
13, 250, 251
13, 250, 252
13, 250, 253
13, 250, 254
13, 250, 255
13, 250, 256
13, 250, 257
13, 250, 258
13, 250, 259
13, 250, 260
13, 250, 261
13, 250, 262
13, 250, 263
13, 250, 264
13, 250, 265
13, 250, 266
13, 250, 267
13, 250, 268
13, 250, 269
13, 250, 270
13, 250, 271
13, 250, 272
13, 250, 273
13, 250, 274
13, 250, 275
13, 250, 276
13, 250, 277
13, 250, 278
13, 250, 279
13, 250, 280
13, 250, 281
13, 250, 282
13, 250, 283
13, 250, 284
13, 250, 285
13, 250, 286
13, 250, 287
13, 250, 288
13, 250, 289
13, 251, 290
13, 250, 291
13, 250, 292
13, 250, 293
13, 250, 294
13, 250, 295
13, 250, 296
13, 250, 297
13, 250, 298
13, 250, 299
13, 250, 300
13, 250, 301
13, 250, 302
13, 250, 303
13, 250, 304
13, 250, 305
13, 250, 306
13, 250, 307
13, 250, 308
13, 250, 309
13, 250, 310
13, 250, 311
13, 250, 312
13, 250, 313
13, 250, 314
13, 250, 315
13, 250, 316
13, 250, 317
13, 251, 318
13, 250, 319
13, 250, 320
13, 250, 321
13, 250, 322
13, 250, 323
13, 250, 324
13, 250, 325
13, 250, 326
13, 250, 327
13, 250, 328
13, 250, 329
13, 250, 330
13, 250, 331
13, 250, 332
13, 250, 333
13, 250, 334
13, 250, 335
13, 250, 336
13, 250, 337
13, 250, 338
13, 250, 339
13, 250, 340
13, 250, 341
13, 250, 342
13, 250, 343
13, 250, 344
13, 250, 345
13, 250, 346
13, 250, 347
13, 250, 348
13, 250, 349
13, 250, 350
13, 250, 351
13, 250, 352
13, 250, 353
13, 250, 354
13, 250, 355
13, 250, 356
13, 250, 357
13, 250, 358
13, 250, 359
13, 250, 360
13, 250, 361
13, 250, 362
13, 250, 363
13, 250, 364
13, 250, 365
13, 250, 366
13, 250, 367
13, 250, 368
13, 250, 369
13, 250, 370
13, 250, 371
13, 250, 372
13, 250, 373
13, 250, 374
13, 250, 375
13, 250, 376
13, 250, 377
13, 250, 378
13, 249, 379
13, 248, 378
13, 248, 377
13, 248, 376
13, 248, 375
13, 248, 374
13, 248, 373
13, 248, 372
13, 248, 371
13, 248, 370
13, 248, 369
13, 248, 368
13, 248, 367
13, 248, 366
13, 248, 365
13, 248, 364
13, 248, 363
13, 248, 362
13, 248, 361
13, 248, 360
13, 248, 359
13, 248, 358
13, 248, 357
13, 248, 356
13, 248, 355
13, 248, 354
13, 248, 353
13, 248, 352
13, 248, 351
13, 248, 350
13, 248, 349
13, 248, 348
13, 248, 347
13, 248, 346
13, 248, 345
13, 248, 344
13, 248, 343
13, 248, 342
13, 248, 341
13, 248, 340
13, 248, 339
13, 248, 338
13, 248, 337
13, 248, 336
13, 248, 335
13, 248, 334
13, 248, 333
13, 248, 332
13, 248, 331
13, 248, 330
13, 248, 329
13, 248, 328
13, 248, 327
13, 248, 326
13, 248, 325
13, 248, 324
13, 248, 323
13, 248, 322
13, 248, 321
13, 248, 320
13, 248, 319
13, 248, 318
13, 248, 317
13, 248, 316
13, 248, 315
13, 248, 314
13, 248, 313
13, 248, 312
13, 248, 311
13, 248, 310
13, 248, 309
13, 248, 308
13, 248, 307
13, 248, 306
13, 248, 305
13, 248, 304
13, 248, 303
13, 248, 302
13, 248, 301
13, 248, 300
13, 248, 299
13, 248, 298
13, 248, 297
13, 248, 296
13, 248, 295
13, 248, 294
13, 248, 293
13, 248, 292
13, 248, 291
13, 248, 290
13, 248, 289
13, 248, 288
13, 248, 287
13, 248, 286
13, 248, 285
13, 248, 284
13, 248, 283
13, 248, 282
13, 248, 281
13, 248, 280
13, 248, 279
13, 248, 278
13, 248, 277
13, 248, 276
13, 248, 275
13, 248, 274
13, 248, 273
13, 248, 272
13, 248, 271
13, 248, 270
13, 248, 269
13, 248, 268
13, 248, 267
13, 248, 266
13, 248, 265
13, 248, 264
13, 248, 263
13, 248, 262
13, 248, 261
13, 248, 260
13, 248, 259
13, 248, 258
13, 248, 257
13, 248, 256
13, 248, 255
13, 248, 254
13, 248, 253
13, 248, 252
13, 248, 251
13, 248, 250
13, 248, 249
13, 248, 248
13, 248, 247
13, 248, 246
13, 248, 245
13, 248, 244
13, 248, 243
13, 248, 242
13, 248, 241
13, 248, 240
13, 248, 239
13, 248, 238
13, 248, 237
13, 248, 236
13, 248, 235
13, 248, 234
13, 248, 233
13, 248, 232
13, 248, 231
13, 248, 230
13, 248, 229
13, 248, 228
13, 248, 227
13, 248, 226
13, 248, 225
13, 248, 224
13, 248, 223
13, 248, 222
13, 248, 221
13, 248, 220
13, 248, 219
13, 248, 218
13, 248, 217
13, 248, 216
13, 248, 215
13, 248, 214
13, 248, 213
13, 248, 212
13, 248, 211
13, 248, 210
13, 248, 209
13, 248, 208
13, 248, 207
13, 248, 206
13, 248, 205
13, 248, 204
13, 248, 203
13, 248, 202
13, 248, 201
13, 248, 200
13, 248, 199
13, 248, 198
13, 248, 197
13, 248, 196
13, 248, 195
13, 248, 194
13, 248, 193
13, 248, 192
13, 248, 191
13, 248, 190
13, 248, 189
13, 248, 188
13, 248, 187
13, 248, 186
13, 248, 185
13, 248, 184
13, 248, 183
13, 248, 182
13, 248, 181
13, 248, 180
13, 248, 179
13, 248, 178
13, 248, 177
13, 248, 176
13, 248, 175
13, 248, 174
13, 248, 173
13, 248, 172
13, 248, 171
13, 248, 170
13, 248, 169
13, 248, 168
13, 248, 167
13, 248, 166
13, 248, 165
13, 248, 164
13, 248, 163
13, 248, 162
13, 248, 161
13, 248, 160
13, 248, 159
13, 248, 158
13, 248, 157
13, 248, 156
13, 248, 155
13, 248, 154
13, 248, 153
13, 248, 152
13, 248, 151
13, 248, 150
13, 248, 149
13, 248, 148
13, 248, 147
13, 248, 146
13, 248, 145
13, 248, 144
13, 248, 143
13, 248, 142
13, 248, 141
13, 248, 140
13, 248, 139
13, 248, 138
13, 248, 137
13, 248, 136
13, 248, 135
13, 248, 134
13, 248, 133
13, 248, 132
13, 248, 131
13, 248, 130
13, 248, 129
13, 248, 128
13, 248, 127
13, 248, 126
13, 248, 125
13, 248, 124
13, 248, 123
13, 248, 122
13, 248, 121
13, 248, 120
13, 248, 119
13, 248, 118
13, 248, 117
13, 248, 116
13, 248, 115
13, 248, 114
13, 248, 113
13, 248, 112
13, 248, 111
13, 248, 110
13, 248, 109
13, 248, 108
13, 248, 107
13, 248, 106
13, 248, 105
13, 248, 104
13, 248, 103
13, 248, 102
13, 248, 101
13, 248, 100
13, 248, 99
13, 248, 98
13, 248, 97
13, 248, 96
13, 248, 95
13, 248, 94
13, 248, 93
13, 248, 92
13, 248, 91
13, 248, 90
13, 248, 89
13, 248, 88
13, 248, 87
13, 248, 86
13, 248, 85
13, 248, 84
13, 248, 83
13, 248, 82
13, 248, 81
13, 248, 80
13, 248, 79
13, 248, 78
13, 248, 77
13, 248, 76
13, 248, 75
13, 248, 74
13, 248, 73
13, 248, 72
13, 248, 71
13, 248, 70
13, 248, 69
13, 248, 68
13, 248, 67
13, 248, 66
13, 248, 65
13, 248, 64
13, 248, 63
13, 248, 62
13, 248, 61
13, 248, 60
13, 248, 59
13, 248, 58
13, 248, 57
13, 248, 56
13, 248, 55
13, 248, 54
13, 248, 53
13, 248, 52
13, 248, 51
13, 248, 50
13, 248, 49
13, 248, 48
13, 248, 47
13, 248, 46
13, 248, 45
13, 248, 44
13, 248, 43
13, 248, 42
13, 248, 41
13, 248, 40
13, 248, 39
13, 249, 38
